Topic,Count,theory,words,Name,Representation,Representative_Docs,,,,,,,,,,,,,,,,,,,,,
0,17143,Patriarchy,Gender role identity,0_女婿_上门_难当_不当,"['女婿', '上门', '难当', '不当', '儿子', '媳妇', '打死', '受气', '不好', '找上门']","['快 上门 女婿 香', '上门 女婿 上门 女婿', '上门 女婿 ?']",,,,,,,,,,,,,,,,,,,,,
19,3328,Patriarchy,Gender role identity,19_活着_人生_生活_日子,"['活着', '人生', '生活', '日子', '久居人下', '岂能', '忍无可忍', '郁郁', '赢家', '忍忍']","['忍无可忍 无需 再忍', '忍无可忍 无需 再忍', '忍无可忍 无需 再忍']",,,,,,,,,,,,,,,,,,,,,
21,3353,Patriarchy,Gender role identity,21_上门_打死_上门去_条件,"['上门', '打死', '上门去', '条件', '会上', '过硬', '干嘛', '愿意', '找上门', '穷死']","['上门 难', '上门 悲 催', '上门 佬 太 傻']",,,,,,,,,,,,,,,,,,,,,
23,2070,Patriarchy,Gender role identity,23_吃软饭_软饭_好吃_吃得下,"['吃软饭', '软饭', '好吃', '吃得下', '取关', '硬气', '理直气壮', '软吃', '硬饭', '吃软']","['想 吃软饭', '想 吃 口 软饭 吃软饭 硬 软饭 硬 吃', '软饭 硬 吃 吃软饭']",,,,,,,,,,,,,,,,,,,,,
24,2894,Patriarchy,Gender role identity,24_都行_姓氏_孩子_随母,"['都行', '姓氏', '孩子', '随母', '女方', '两个', '重要', '随父', '妈姓', '无所谓']","['孩子 姓 都行', '女方 姓 孩子 姓 都行', '孩子 女方 姓 女方 姓 都行']",,,,,,,,,,,,,,,,,,,,,
43,1306,Patriarchy,Gender role identity,43_照照_撒泡_滋醒_一泡,"['照照', '撒泡', '滋醒', '一泡', '镜子', '撒尿', '尿滋醒', '让开', '上火', '尿床']","['撒泡 尿 照照', '实在 买不起 镜子 撒泡 尿 照照 行', '没有 镜子 撒泡 尿 照照']",,,,,,,,,,,,,,,,,,,,,
65,965,Patriarchy,Gender role identity,65_倒插门_插门_地位_倒插,"['倒插门', '插门', '地位', '倒插', '独生子', '能力', '尊严', '看不起', '瞧不起', '老丈人']","['倒插门 上门 女婿', '倒插门 女婿', '两 男 倒插门']",,,,,,,,,,,,,,,,,,,,,
83,893,Patriarchy,Gender role identity,83_岳母_岳父_岳父母_娘点,"['岳母', '岳父', '岳父母', '娘点', '大人', '点赞', '不认', '教育', '善良', '这位']","['岳母', '岳母', '岳母']",,,,,,,,,,,,,,,,,,,,,
88,1105,Patriarchy,Gender role identity,88_爸爸_父爱_父亲_父子,"['爸爸', '父爱', '父亲', '父子', '老父亲', '父子俩', '老爸', '我爸', '干爹', '剥夺']","['父爱 山', '父爱 山', '父亲 父爱 真 搞笑']",,,,,,,,,,,,,,,,,,,,,
124,1117,Patriarchy,Gender role identity,124_女婿_上门_下场_悲哀,"['女婿', '上门', '下场', '悲哀', '太难', '断子绝孙', '奴隶', '年代', '待遇', '低人一等']","['上门 女婿', '上门 女婿', '上门 女婿']",,,,,,,,,,,,,,,,,,,,,
154,722,Patriarchy,Gender role identity,154_来往_娘家_父母_男方,"['来往', '娘家', '父母', '男方', '断绝关系', '回娘家', '往来', '娶媳妇', '过分', '娘家人']","['男方 父母 少 来往', '男方 少 父母 少 来往', '父母 少 来往 收 上门 女婿']",,,,,,,,,,,,,,,,,,,,,
184,565,Patriarchy,Gender role identity,184_桌子_掀翻_翻桌_掀起,"['桌子', '掀翻', '翻桌', '掀起', '掀桌', '直接', '翻掉', '掀得', '椅子', '台子']","['揿 翻 桌子', '翻 桌子 走', '桌子 翻']",,,,,,,,,,,,,,,,,,,,,
208,632,Patriarchy,Gender role identity,208_洗脚_一脚_洗脚水_跺脚,"['洗脚', '一脚', '洗脚水', '跺脚', '两脚', '几脚', '鞋底', '足球场', '脚底抹油', '同脚']","['帮 女人 洗脚', '洗脚', '姐 跪 洗脚']",,,,,,,,,,,,,,,,,,,,,
231,1288,Patriarchy,Gender role identity,231_这种_同情_男人_活该,"['这种', '同情', '男人', '活该', '恶心', '值得', '真恨', '可恨', '底线', '可怜']","['这种 男人 值得 同情', '这种 男人 值得 同情 可怜 活该', '活该 这种 男人 值得 同情']",,,,,,,,,,,,,,,,,,,,,
271,459,Patriarchy,Gender role identity,271_门当户对_留爷_自有_成都,"['门当户对', '留爷', '自有', '成都', '不留', '性价比', '名额', '老三', '大城市', '老四']","['门当户对', '门当户对', '门当户对']",,,,,,,,,,,,,,,,,,,,,
274,917,Patriarchy,Gender role identity,274_连滚带爬_立刻_滚多远_马上,"['连滚带爬', '立刻', '滚多远', '马上', '立马', '有多远', '滚蛋', '滚出去', '滚滚', '多远']","['连滚带爬 走', '走 连滚带爬', '走 连滚带爬 跑']",,,,,,,,,,,,,,,,,,,,,
275,504,Patriarchy,Gender role identity,275_驼背_脖子_弯腰驼背_含胸,"['驼背', '脖子', '弯腰驼背', '含胸', '前倾', '背不动', '诚哥', '氛围', '走路', '胸肌']","['感觉 驼背', '感觉 驼背', '感觉 驼背']",,,,,,,,,,,,,,,,,,,,,
282,1008,Patriarchy,Gender role identity,282_男子汉_这才_爷们_真正,"['男子汉', '这才', '爷们', '真正', '男儿', '当自强', '象个', '气概', '男人味', '男人']","['这才 男子汉', '这才 男子汉', '这才 男子汉']",,,,,,,,,,,,,,,,,,,,,
289,783,Patriarchy,Gender role identity,289_脾气_生气_受气_解气,"['脾气', '生气', '受气', '解气', '气死', '暴脾气', '吵架', '憋屈', '气死人', '气死我了']","['脾气 掼', '没 脾气', '点 脾气']",,,,,,,,,,,,,,,,,,,,,
380,922,Patriarchy,Gender role identity,380_骨气_没骨气_志气_有志气,"['骨气', '没骨气', '志气', '有志气', '男人', '没出息', '没志气', '男子汉', '血性', '硬气']","['男人 没有 骨气', '男 太 没骨气 男子汉 骨气 陪 男人', '男人 没有 骨气']",,,,,,,,,,,,,,,,,,,,,
386,255,Patriarchy,Gender role identity,386_吃屎_改不了_浦东_原谅,"['吃屎', '改不了', '浦东', '原谅', '浦西', '狗吃屎', '永远', '千里', '改得', '狗能']","['狗 改不了 吃屎', '狗 改不了 吃屎', '狗 改不了 吃屎']",,,,,,,,,,,,,,,,,,,,,
389,296,Patriarchy,Gender role identity,389_窝囊_窝囊废_窝囊气_男人,"['窝囊', '窝囊废', '窝囊气', '男人', '做成', '真够', '活成', '活该', '活着', '没骨气']","['男人 活 太 窝囊', '男人 窝囊', '窝囊 男人']",,,,,,,,,,,,,,,,,,,,,
422,414,Patriarchy,Gender role identity,422_兄弟_回头_回家吧_离开,"['兄弟', '回头', '回家吧', '离开', '哥们', '早点', '回家', '留恋', '千万别', '老弟']","['兄弟 不要 回头 走', '兄弟 回头 回 家', '兄弟 回头 兄弟 回头 兄弟 回头 兄弟 回头 兄弟 回头 兄弟 回头']",,,,,,,,,,,,,,,,,,,,,
431,293,Patriarchy,Gender role identity,431_阿兵_选择题_嫂子_唐僧肉,"['阿兵', '选择题', '嫂子', '唐僧肉', '阿彬', '小孩子', '加油', '阿飞', '阿宾', '好人']","['阿兵 不要 理 丈母娘', '眀 明 阿兵 干 走', '加 阿兵']",,,,,,,,,,,,,,,,,,,,,
437,260,Patriarchy,Gender role identity,437_主见_陈小艺_软骨头_骨相,"['主见', '陈小艺', '软骨头', '骨相', '吵醒', '反客为主', '独立自主', '主心骨', '说明', '不主贵']","['没 主见', '没 主见', '太 没 主见 太 爱']",,,,,,,,,,,,,,,,,,,,,
446,423,Patriarchy,Gender role identity,446_立马_立刻_赶紧_赶出去,"['立马', '立刻', '赶紧', '赶出去', '连夜', '赶快', '立即', '马上', '不带', '转头就走']","['立马 走', '立马 走', '立马 走 �']",,,,,,,,,,,,,,,,,,,,,
451,476,Patriarchy,Gender role identity,451_丢人_丢人现眼_尴尬_下头,"['丢人', '丢人现眼', '尴尬', '下头', '碰瓷', '小白', '丢钱', '讹人', '先人', '真下头']","['丢人', '妈 丢人', '太 丢人']",,,,,,,,,,,,,,,,,,,,,
470,372,Patriarchy,Gender role identity,470_本事_能力_无能_没本事,"['本事', '能力', '无能', '没本事', '何德何能', '超能力', '能屈能伸', '过人之处', '一技之长', '表现']","['本事 艹', '本事', '本事']",,,,,,,,,,,,,,,,,,,,,
476,437,Patriarchy,Gender role identity,476_手指_出手_这手_二手,"['手指', '出手', '这手', '二手', '没手', '手指头', '没长', '双手', '还手', '右手']","['手指 摇 起来', '手指', '手指 长']",,,,,,,,,,,,,,,,,,,,,
493,1188,Patriarchy,Gender role identity,493_女人_女性_想法_何尝,"['女人', '女性', '想法', '何尝', '好多', '很多', '大多数', '女中豪杰', '过来', '大部分']","['想法 女人', '其实 大多数 女人 何尝 !', '现在 大多数 女人 想法']",,,,,,,,,,,,,,,,,,,,,
500,791,Patriarchy,Gender role identity,500_家庭_主夫_这家_一家人,"['家庭', '主夫', '这家', '一家人', '一家', '男人', '离开', '女家', '尊严', '骨气']","['这家 错 男 太 没有 骨气', '男人 骨气 直接 离开 这家', '男人 一点 骨气 没 离开 这家 死']",,,,,,,,,,,,,,,,,,,,,
504,400,Patriarchy,Gender role identity,504_看不起_瞧不起_看不起人_看得起,"['看不起', '瞧不起', '看不起人', '看得起', '拔腿就跑', '了不起', '瞧不起人', '瞧得起', '卑微', '老几']","['没 看不起', '看不起', '看不起 没 钱']",,,,,,,,,,,,,,,,,,,,,
513,490,Patriarchy,Gender role identity,513_骨气_没出息_没志气_有志气,"['骨气', '没出息', '没志气', '有志气', '没骨气', '志气', '底气', '懦弱', '做人', '精气神']","['骨气 没 没有', 'i 没有 骨气', '没有 骨气']",,,,,,,,,,,,,,,,,,,,,
520,436,Patriarchy,Gender role identity,520_改姓_坐不改姓_行不更名_改名换姓,"['改姓', '坐不改姓', '行不更名', '改名换姓', '改名', '无能', '更名改姓', '改名字', '改回来', '都行']","['孩子 改姓', '缺 孩子 改姓', '姐 改姓']",,,,,,,,,,,,,,,,,,,,,
529,256,Patriarchy,Gender role identity,529_当狗_一条_连狗_猪狗,"['当狗', '一条', '连狗', '猪狗', '猪狗不如', '女婿', '比狗', '上门', '宁做', '如狗']","['上门 女婿 一条 狗', '不要 上门 女婿 一条 狗', '上门 女婿 一条 狗']",,,,,,,,,,,,,,,,,,,,,
539,516,Patriarchy,Gender role identity,539_单身_一辈子_孤独_单着,"['单身', '一辈子', '孤独', '单着', '终老', '不当', '上门', '女婿', '单身汉', '单生']","['单身 一辈子 上门 女婿', '上门 女婿 单身 一辈子 上门 女婿', '单身 一辈子 上门 女婿']",,,,,,,,,,,,,,,,,,,,,
543,374,Patriarchy,Gender role identity,543_桌子_摔碗_掀翻_果盘,"['桌子', '摔碗', '掀翻', '果盘', '头上', '爱昂', '筷子', '直接', '吃个', '一碗']","['直接 桌子 掀 吃 球', '蹲 吃 球 直接 桌子 掀', '直接 翻 桌子 吃']",,,,,,,,,,,,,,,,,,,,,
545,240,Patriarchy,Gender role identity,545_刘亦菲_范冰冰_女拳_看像,"['刘亦菲', '范冰冰', '女拳', '看像', '时像', '脸像', '拳师', '倪妮', '左侧', '右侧']","['刘亦菲', '刘亦菲', '服 搜 范冰冰 搜 刘亦菲']",,,,,,,,,,,,,,,,,,,,,
547,339,Patriarchy,Gender role identity,547_嫩草_老牛_我爱你_绿帽子,"['嫩草', '老牛', '我爱你', '绿帽子', '吃醋', '老婆', '戴绿帽子', '不能', '病娇', '宝贝']","['老牛 想 吃 嫩草', '老牛 喜欢 吃 嫩草', '老牛 喜欢 吃 嫩草']",,,,,,,,,,,,,,,,,,,,,
551,266,Patriarchy,Gender role identity,551_来往_父母_断绝关系_过分,"['来往', '父母', '断绝关系', '过分', '往来', '接受', '联系', '过份', '亲情', '断亲']","['父母 来往', '父母 少 来往', '父母 少 来往']",,,,,,,,,,,,,,,,,,,,,
580,231,Patriarchy,Gender role identity,580_改姓_改名_改名换姓_听说,"['改姓', '改名', '改名换姓', '听说', '改成', '姓氏', '更名改姓', '没听说过', '换姓', '随父']","['上门 女婿 改姓', '想 上门 女婿 改姓', '上门 女婿 改姓']",,,,,,,,,,,,,,,,,,,,,
594,408,Patriarchy,Gender role identity,594_家庭_这种_原生_离开,"['家庭', '这种', '原生', '离开', '远离', '家教', '这家', '下去', '奇葩', '家庭环境']","['这种 家庭 呆 干', '这种 家庭 干', '这种 家庭']",,,,,,,,,,,,,,,,,,,,,
600,419,Patriarchy,Gender role identity,600_奇葩_可怜_奇怪_造孽,"['奇葩', '可怜', '奇怪', '造孽', '只怪', '奇形怪状', '奇奇怪怪', '自作自受', '稀奇', '没本事']","['� 奇怪', '奇怪', '太 奇怪']",,,,,,,,,,,,,,,,,,,,,
613,530,Patriarchy,Gender role identity,613_傻子_糊涂_大傻春_傻瓜,"['傻子', '糊涂', '大傻春', '傻瓜', '不懂事', '傻大春', '真傻', '笨蛋', '傻小子', '傻傻的']","['信 傻子', '傻子', '傻子']",,,,,,,,,,,,,,,,,,,,,
622,167,Patriarchy,Gender role identity,622_口罩_面罩_摘下来_限量版,"['口罩', '面罩', '摘下来', '限量版', '同款', '戴个', '头盔', '一块钱', '痰盂', '全身']","['帅 戴 口罩', '口罩 钱', '口罩 脱']",,,,,,,,,,,,,,,,,,,,,
623,835,Patriarchy,Gender role identity,623_活成_男人_可怜_悲哀,"['活成', '男人', '可怜', '悲哀', '活不了', '活该', '活着', '难人', '珍惜', '可悲']","['男人 可怜', '男人 可怜', '女人 男人 可怜']",,,,,,,,,,,,,,,,,,,,,
629,184,Patriarchy,Gender role identity,629_士农工商_文学_硕士_三代,"['士农工商', '文学', '硕士', '三代', '单传', '大清', '地位', '清朝', '农民', '商人']","['士农工商 笑 死', '士农工商', '士农工商']",,,,,,,,,,,,,,,,,,,,,
635,375,Patriarchy,Gender role identity,635_孝心_孝顺_不孝_孝子,"['孝心', '孝顺', '不孝', '孝子', '孝敬', '孙媳妇', '不孝子', '尽孝', '这份', '长辈']","['孝心', '孝心 = 钱', '孝顺 孝心']",,,,,,,,,,,,,,,,,,,,,
642,230,Patriarchy,Gender role identity,642_同姓_找个_就行了_纠结,"['同姓', '找个', '就行了', '纠结', '解决', 'bug', '姓氏', '都行', '姓钟', '姓许']","['找个 同姓', '找个 同姓', '找个 同姓']",,,,,,,,,,,,,,,,,,,,,
666,311,Patriarchy,Gender role identity,666_老婆_这种_这才_配有,"['老婆', '这种', '这才', '配有', '妻子', '离掉', '干嘛', '媳妇', '悲哀', '夫妻']","['这种 老婆 真', '这种 老婆', '这种 老婆']",,,,,,,,,,,,,,,,,,,,,
693,202,Patriarchy,Gender role identity,693_好家伙_好男儿_好汉_志在四方,"['好家伙', '好男儿', '好汉', '志在四方', '无好', '直呼', '葛朗台', '劫财', '劫色', '不提']","['好家伙', '好家伙', '好家伙']",,,,,,,,,,,,,,,,,,,,,
703,309,Patriarchy,Gender role identity,703_废物_垃圾_扔钱_废料,"['废物', '垃圾', '扔钱', '废料', '废品', '摆烂', '垃圾桶', '东西', '浪费', '地上']","['想 废物', '行 废物 没', '废物']",,,,,,,,,,,,,,,,,,,,,
463,488,Patriarchy,Gender role identity,463_楷模_吾辈_国家_贡献,"['楷模', '吾辈', '国家', '贡献', '捐款', '我辈', '科学家', '老乡', '军人', '英雄']","['国家 贡献', '国家 难 军人 科学家 贡献', '问 一下 捐款 钱 国家 贡献']",,,,,,,,,,,,,,,,,,,,,
17,3510,Patriarchy,Mockery,17_评论_来看_区真_区好,"['评论', '来看', '区真', '区好', '区有', '人才', '区里', '精彩', '激烈', '区全']","['完 评论 区', '评论 区 太', '评论 区 太 N']",,,,,,,,,,,,,,,,,,,,,
38,1589,Patriarchy,Mockery,38_评论_区绝_介绍_学学,"['评论', '区绝', '介绍', '学学', '高手', '考公', '区好', '一下', '评价', '学习']","['评论 区', '评论 区', '评论 区']",,,,,,,,,,,,,,,,,,,,,
72,2486,Patriarchy,Mockery,72_终于_卧槽_看过_真不错,"['终于', '卧槽', '看过', '真不错', '震惊', '看得', '看爽', '看到', '宣传', '看着']","['终于', '终于', '宣传 价值观']",,,,,,,,,,,,,,,,,,,,,
112,760,Patriarchy,Mockery,112_评论_评价_顶得住_林子,"['评论', '评价', '顶得住', '林子', '此话', '当真', '精彩', '第一条', '进来', '关注']","['评论', '评论', '评论 评论 评论']",,,,,,,,,,,,,,,,,,,,,
374,384,Patriarchy,Mockery,374_区笑_评论_太精彩_发财,"['区笑', '评论', '太精彩', '发财', '区里', 'aimais', 'iiii', '区妈', 'blossom', 'if']","['评论 区笑 死', '评论 区笑 死', '评论 区笑 死']",,,,,,,,,,,,,,,,,,,,,
418,544,Patriarchy,Mockery,418_哈哈哈_哈哈哈哈_评论_区笑,"['哈哈哈', '哈哈哈哈', '评论', '区笑', '区好', '甜言蜜语', '来看', '好好笑', '下关', '哈哈笑']","['评论 区 哈哈哈哈 哈哈哈 哈哈哈 哈哈哈', '评论 区 哈哈哈哈 哈哈哈 哈哈哈 哈哈哈', '哈哈哈 哈哈哈 哈哈哈哈 评论 区']",,,,,,,,,,,,,,,,,,,,,
516,338,Patriarchy,Mockery,516_天堂_天花板_我天_逆天,"['天堂', '天花板', '我天', '逆天', '天呐', '评论', '上天', '天在', '天津', '天呀']","['评论 笑 死', '评论 笑 死', '评论 笑 死']",,,,,,,,,,,,,,,,,,,,,
519,370,Patriarchy,Mockery,519_世界_纯爱_无奇不有_大开眼界,"['世界', '纯爱', '无奇不有', '大开眼界', '地球', '之大', '开眼界', '吸引力', '魔幻', '没想到']","['世界', '世界', '世界 事']",,,,,,,,,,,,,,,,,,,,,
624,289,Patriarchy,Mockery,624_钓鱼_别钓_钓翘_鲨鱼,"['钓鱼', '别钓', '钓翘', '鲨鱼', '咸鱼', '姜太公钓鱼', '愿者上钩', '钓钓', '嘴快', '钓到']","['钓鱼 �', '钓鱼', '钓鱼']",,,,,,,,,,,,,,,,,,,,,
662,272,Patriarchy,Mockery,662_区笑_评论_区好_区要,"['区笑', '评论', '区好', '区要', '笑死人', '区真', '好好笑', '搞笑', '区能', '有意思']","['评论 区要 笑 死', ' 评论 区要 笑 颠', '评论 区能 笑死人']",,,,,,,,,,,,,,,,,,,,,
681,317,Patriarchy,Mockery,681_迷糊_迷死_头晕_鸡皮疙瘩,"['迷糊', '迷死', '头晕', '鸡皮疙瘩', '晕倒', '看多', '想要', '迷住', '头昏', '迷成']","['迷糊', '迷糊', '一个 女 迷糊']",,,,,,,,,,,,,,,,,,,,,
691,216,Patriarchy,Mockery,691_全剧_搞笑_这部_反派,"['全剧', '搞笑', '这部', '反派', '爷俩', '整部', '这剧', '担当', '电视剧', '剧看']","['这是 全剧 搞笑 没有', '全剧 搞笑', '全剧 搞笑 这段']",,,,,,,,,,,,,,,,,,,,,
16,2907,Patriarchy,Male independence and autonomy,16_离婚_赶紧_早点_赶快,"['离婚', '赶紧', '早点', '赶快', '早离', '选择', '起诉', '婚姻', '坚决', '来得及']","['没 离婚 麼 叽', '早 离婚', '男 离婚']",,,,,,,,,,,,,,,,,,,,,
64,1062,Patriarchy,Male independence and autonomy,64_打光棍_光棍_一辈子_不当,"['打光棍', '光棍', '一辈子', '不当', '女婿', '上门', '情愿', '打光棍儿', '光棍汉', '八辈子']","['一辈子 光棍 作 上门 女婿', '一辈子 光棍 上门 女婿', '光棍 一辈子 上门 女婿']",,,,,,,,,,,,,,,,,,,,,
67,1107,Patriarchy,Male independence and autonomy,67_单身_单着_脱单_一辈子,"['单身', '单着', '脱单', '一辈子', '活该', '不香', '情愿', '严厉打击', '实力', '立法']","['单身 狗', '单身', '单身']",,,,,,,,,,,,,,,,,,,,,
80,1644,Patriarchy,Male independence and autonomy,80_饿死_不吃_吃饭_碗饭,"['饿死', '不吃', '吃饭', '碗饭', '这饭', '好吃', '吃不下', '吃饱', '这口', '馒头']","['饿死', '哭 看不起 换 饿死 不吃 这饭', '饿死 不吃 碗饭']",,,,,,,,,,,,,,,,,,,,,
89,796,Patriarchy,Male independence and autonomy,89_光棍_打光棍_一辈子_老光棍,"['光棍', '打光棍', '一辈子', '老光棍', '八辈子', '情愿', '光棍儿', '不要', '一辈', '不受']","['光棍 光棍', '光棍', '光棍']",,,,,,,,,,,,,,,,,,,,,
136,874,Patriarchy,Male independence and autonomy,136_离开_回头_男人_回去,"['离开', '回头', '男人', '回去', '骨气', '男子汉', '回来', '转身', '尊严', '回家']","['男人 离开 家', '离开 男人', '男人 离开 女人']",,,,,,,,,,,,,,,,,,,,,
137,669,Patriarchy,Male independence and autonomy,137_完成_阶段_不羡_不羡仙,"['完成', '阶段', '不羡', '不羡仙', '鸳鸯', '奥特', '解锁', '只羡侯', '羡慕', '第三阶段']","['不羡 鸳鸯 不羡仙 羡慕 侯 总 一天', '不羡 鸳鸯 不羡仙 羡慕 侯 总 一天', '不羡 鸳鸯 不羡仙 羡慕 侯 总 一天']",,,,,,,,,,,,,,,,,,,,,
158,686,Patriarchy,Male independence and autonomy,158_尊严_尊重_自尊_自尊心,"['尊严', '尊重', '自尊', '自尊心', '活着', '伤自尊了', '消费者', '人人平等', '践踏', '平等']","['没 尊严', '走 活 尊严', '太 没有 尊重 离开 最后 尊严']",,,,,,,,,,,,,,,,,,,,,
163,761,Patriarchy,Male independence and autonomy,163_离开_这家_家庭_离家出走,"['离开', '这家', '家庭', '离家出走', '留恋', '人情味', '早就', '早点', '下去', '赶快']","['离开 这家', '离开 这家', '这家 离开']",,,,,,,,,,,,,,,,,,,,,
236,750,Patriarchy,Male independence and autonomy,236_尊严_卑微_自尊_男人,"['尊严', '卑微', '自尊', '男人', '耻辱', '要活', '自强', '践踏', '自尊心', '当自强']","['男人 活 尊严', '男人 卑微 不能 丢 尊严', '卑微 男人 没有 尊严']",,,,,,,,,,,,,,,,,,,,,
305,395,Patriarchy,Male independence and autonomy,305_无路可走_女人_走投无路_女步,"['无路可走', '女人', '走投无路', '女步', '路线', '没路', '无处', '仙女', '克拉斯', '高手']","['走 女人 路 女人 无路可走', '走 女人 路 女人 无路可走', '走 女人 路 女人 无路可走']",,,,,,,,,,,,,,,,,,,,,
310,360,Patriarchy,Male independence and autonomy,310_镜子_一面镜子_照镜子_照照,"['镜子', '一面镜子', '照镜子', '照照', '买个', '买面', '地址', '砸锅卖铁', '众筹', '买块']","['没 镜子', '送 镜子', '没 镜子']",,,,,,,,,,,,,,,,,,,,,
368,469,Patriarchy,Male independence and autonomy,368_早知今日_何必当初_应得_天罡,"['早知今日', '何必当初', '应得', '天罡', '狗皮膏药', '何必', '早该', '应该', '该醒', '过份']","['早知今日 何必当初', '早知今日 何必当初', '早知今日 何必当初']",,,,,,,,,,,,,,,,,,,,,
460,479,Patriarchy,Male independence and autonomy,460_搬出去_入住_租房子_出去,"['搬出去', '入住', '租房子', '出去', '分开', '搬走', '租个', '寄人篱下', '外面', '搬家']","['搬出去', '旱 搬出去', '搬出去 住']",,,,,,,,,,,,,,,,,,,,,
482,403,Patriarchy,Male independence and autonomy,482_后悔_何必当初_早知如此_后悔药,"['后悔', '何必当初', '早知如此', '后悔药', '失去', '早知', '珍惜', '可惜', '下场', '当初']","['早知如此 何必当初', '早知如此 何必当初', '早知如此 何必当初 后悔 来不及']",,,,,,,,,,,,,,,,,,,,,
544,234,Patriarchy,Male independence and autonomy,544_丈母娘_娘真_孙秀真_因娘,"['丈母娘', '娘真', '孙秀真', '因娘', '司真', '义母', '妈真', '人真', '孙媳妇', '岳母']","['丈母娘 真', '丈母娘 真', '丈母娘 真']",,,,,,,,,,,,,,,,,,,,,
588,195,Patriarchy,Male independence and autonomy,588_镜子_总有_钟凡_家里,"['镜子', '总有', '钟凡', '家里', '回明', '凯撒', '楚子航', '生莲', '步步', '总该有']","['家里 没 镜子 没有 尿', '家里 没 镜子 没有 尿', '家里 没 镜子 没有 尿']",,,,,,,,,,,,,,,,,,,,,
696,303,Patriarchy,Male independence and autonomy,696_不耕_丈人_穷死_饿死,"['不耕', '丈人', '穷死', '饿死', '亲戚', '妇道', '耳屎', '全靠', '穷守', '耳朵']","['穷死 亲戚 工 饿死 不耕 丈人 田', '饿死 不耕 丈人 田 穷死 亲戚 工', '穷死 亲戚 工 饿死 不耕 丈人 田']",,,,,,,,,,,,,,,,,,,,,
42,2312,Exchange,Women's economic resources,42_孩子_小孩_忍忍_小孩子,"['孩子', '小孩', '忍忍', '小孩子', '长大', '带娃', '教育', '幸福', '好孩子', '六个']","['孩子', '孩子', '孩子']",,,,,,,,,,,,,,,,,,,,,
18,2411,Patriarchy,Female stigmatization,18_婆婆_婆娘_太坏_小姑子,"['婆婆', '婆娘', '太坏', '小姑子', '婆子', '强子', '儿媳妇', '老婆婆', '儿媳', '不要脸']","['坏 婆婆', '婆婆 治', '坏 婆婆']",,,,,,,,,,,,,,,,,,,,,
256,467,Patriarchy,Female stigmatization,256_太坏_老太婆_曹达华_老婆子,"['太坏', '老太婆', '曹达华', '老婆子', '重案', '老婆婆', '老巫婆', '婆大坏', '老大', '真坏']","['老太婆 太坏', '老太婆 太坏', '老太婆 太坏']",,,,,,,,,,,,,,,,,,,,,
320,479,Patriarchy,Female stigmatization,320_分手_分开_锁死_太过分,"['分手', '分开', '锁死', '太过分', '过分', '不分', '祝福', '流入', '趁早', '刘昊然']","['分手', '没 分手', '分手']",,,,,,,,,,,,,,,,,,,,,
322,397,Patriarchy,Female stigmatization,322_白眼狼_出息_狼心狗肺_红狼,"['白眼狼', '出息', '狼心狗肺', '红狼', '引狼入室', '不熟', '虎狼', '养不熟', '色狼', '兔子']","['白眼狼', '招 白眼狼', '白眼狼']",,,,,,,,,,,,,,,,,,,,,
341,512,Patriarchy,Female stigmatization,341_缺德_习俗_风俗_厚颜无耻,"['缺德', '习俗', '风俗', '厚颜无耻', '传统', '亲事', '难念', '规矩', '这门', '家家']","['破 习俗', '破 习俗', '习俗']",,,,,,,,,,,,,,,,,,,,,
350,463,Patriarchy,Female stigmatization,350_变态_解气_科技_刺激,"['变态', '解气', '科技', '刺激', '痛快', '高科技', '狠活', '反抗', '炸裂', '爽死']","['变态 恋', '变态', '变态']",,,,,,,,,,,,,,,,,,,,,
352,395,Patriarchy,Female stigmatization,352_不配_孙师傅_配不上_新鲜事,"['不配', '孙师傅', '配不上', '新鲜事', '五湖四海', '查阅', '祝您', '般配', '愉快', '我配']","['不配', '不配', '不配']",,,,,,,,,,,,,,,,,,,,,
356,524,Patriarchy,Female stigmatization,356_道德_大义_先生_底线,"['道德', '大义', '先生', '底线', '考验', '道德败坏', '沦丧', '地址', '全靠', '绑架']","['. 道德 懂', '有钱 道德 道德', '没 钱 吊 道德']",,,,,,,,,,,,,,,,,,,,,
427,686,Patriarchy,Female stigmatization,427_恶心_无语_可恶_真无语,"['恶心', '无语', '可恶', '真无语', '无耻', '举报', '我无语', '低俗', '真滴', '臭皮囊']","[' ㅁ 슴 恶心', '恶心 死', '_ \u2006 ^ 恶心']",,,,,,,,,,,,,,,,,,,,,
518,435,Patriarchy,Female stigmatization,518_没教养_素质_教养_礼貌,"['没教养', '素质', '教养', '礼貌', '家教', '态度', '修养', '通个', '丢钱', '汉族']","['太 没 素质', '穷 素质', '素质']",,,,,,,,,,,,,,,,,,,,,
663,338,Patriarchy,Female stigmatization,663_正常_自作孽_非常_正常人,"['正常', '自作孽', '非常', '正常人', '不可', '正确', '中国', '精神', '正经事', '正经人']","['算 正常', '正常', '正常']",,,,,,,,,,,,,,,,,,,,,
5,4653,Patriarchy,Discrimination against elderly women,5_老太婆_这死_老太太_太坏,"['老太婆', '这死', '老太太', '太坏', '讨厌', '不得好死', '老太', '太过分', '可恶', '恶毒']","['老太婆', '老太婆 太', '老太婆 心 坏 烦']",,,,,,,,,,,,,,,,,,,,,
27,2291,Patriarchy,Discrimination against elderly women,27_老人_老头_老不死_老家伙,"['老人', '老头', '老不死', '老家伙', '老人家', '老不尊', '你老', '老头子', '老年人', '养老院']","['老人', '老人 想', '老人']",,,,,,,,,,,,,,,,,,,,,
73,857,Patriarchy,Discrimination against elderly women,73_阿斌_加油_赞赞_刘斌,"['阿斌', '加油', '赞赞', '刘斌', '好人', '老太婆', '徐斌', '善良', '欺负', '感动']","['滚 阿斌', '阿斌', '阿斌 早 走']",,,,,,,,,,,,,,,,,,,,,
225,454,Patriarchy,Discrimination against elderly women,225_人过_孤独_终老_不香,"['人过', '孤独', '终老', '不香', '人来', '孤老', '一个', '单过', '适合', '孤寡老人']","['一个 人过', '一个 人过', '一个 人过 蛮']",,,,,,,,,,,,,,,,,,,,,
333,598,Patriarchy,Discrimination against elderly women,333_离开_早离_甩不掉_早点,"['离开', '早离', '甩不掉', '早点', '解脱', '走开', '早就', '选择', '赶紧', '赶走']","['早 离开', '越 早 离开 越', '离开 离开']",,,,,,,,,,,,,,,,,,,,,
337,356,Patriarchy,Discrimination against elderly women,337_小颖_小颖点_阿斌_为小颖,"['小颖', '小颖点', '阿斌', '为小颖', '小颖真', '小颖回', '妈妈', '小颖人', '欺負', '偏心']","['小颖 妈 不要', '小颖 妈', '小颖 真']",,,,,,,,,,,,,,,,,,,,,
340,529,Patriarchy,Discrimination against elderly women,340_老东西_玩意_吓人_吓死,"['老东西', '玩意', '吓人', '吓死', '玩意儿', '东西', '吓死人', '紧张', '壳子', '吓坏']","['老东西', '老东西 坏', '老东西 气']",,,,,,,,,,,,,,,,,,,,,
367,487,Patriarchy,Discrimination against elderly women,367_这老_老太太_女人_女人真,"['这老', '老太太', '女人', '女人真', '老巫婆', '老人', '妇女', '老女', '不老', '老太']","['这老 女人 不要', '这老 女人 太', '这老 女人 太']",,,,,,,,,,,,,,,,,,,,,
433,350,Patriarchy,Discrimination against elderly women,433_老太婆_坏死_该死_秦始皇,"['老太婆', '坏死', '该死', '秦始皇', '死去', '天打雷劈', '老巫婆', '老奶', '太婆', '老大']","['死 老太婆', '死 老太婆', '死 老太婆']",,,,,,,,,,,,,,,,,,,,,
511,229,Patriarchy,Discrimination against elderly women,511_吃屎_改不了_狗眼看人_老太婆,"['吃屎', '改不了', '狗眼看人', '老太婆', '狗吃屎', '狗屎', '老太太', '老母', '良心', '长尾巴']","['老太婆 狗 改不了 吃屎', '老太婆 狗 改不了 吃屎', '老太婆 狗 改不了 吃屎']",,,,,,,,,,,,,,,,,,,,,
531,390,Patriarchy,Discrimination against elderly women,531_不要脸_活受罪_死要面子_杨玉环,"['不要脸', '活受罪', '死要面子', '杨玉环', '面子', '要脸', '从未见过', '厚颜无耻', '大唐', '唐朝']","['钱 太 不要脸', '不要脸', '脸 不要脸 … …']",,,,,,,,,,,,,,,,,,,,,
601,355,Patriarchy,Discrimination against elderly women,601_留着_留下_消失_留下来,"['留着', '留下', '消失', '留下来', '保存', '留子', '留个', '去夫', '不留', '古董']","['留着', '留着', '换 想 留着']",,,,,,,,,,,,,,,,,,,,,
632,204,Patriarchy,Discrimination against elderly women,632_大妈_大母娘_不合理_广场,"['大妈', '大母娘', '不合理', '广场', '这大母娘', '大爷', '大脚', '大娘', '老大妈', '级别']","['变 大妈', '大妈 养', '图 大妈']",,,,,,,,,,,,,,,,,,,,,
637,305,Patriarchy,Discrimination against elderly women,637_三观_不正_颠覆_很正,"['三观', '不正', '颠覆', '很正', '震成', '误导', '刷新', '正确', '不合', '五官']","['三观 没', '三观', '三观']",,,,,,,,,,,,,,,,,,,,,
649,375,Patriarchy,Discrimination against elderly women,649_女人_不要_动力_要不得,"['女人', '不要', '动力', '要不得', '不能', '不可', '别碰', '别要', '魅力', '坚决']","['女人 不要', '女人 不要', '女人 不要']",,,,,,,,,,,,,,,,,,,,,
179,477,Patriarchy,Unacceptable,179_这段_一段_一次_当时,"['这段', '一段', '一次', '当时', '岔气', '片段', '搞笑', '差点', '每次', '看一遍']","['这段 笑 喷', '这段 笑 死', '这段 笑 死']",,,,,,,,,,,,,,,,,,,,,
291,814,Patriarchy,Unacceptable,291_看不懂_理解_意思_没看,"['看不懂', '理解', '意思', '没看', '啥意思', '明白', '表达', '通透', '分工', '上次']","['理解', '额 理解', '理解']",,,,,,,,,,,,,,,,,,,,,
26,2621,Patriarchy,Female objectification,26_儿子_指望_孙子_生个,"['儿子', '指望', '孙子', '生个', '生不出', '白养', '大儿子', '干儿子', '男儿', '不上']","['儿子', '儿子 买', '家 儿子']",,,,,,,,,,,,,,,,,,,,,
35,3345,Patriarchy,Female objectification,35_女儿_养大_闺女_养老送终,"['女儿', '养大', '闺女', '养老送终', '儿子', '出嫁', '辛苦', '嫁出去', '养老', '儿媳妇']","['女儿 辛苦 养大 你家 养老送终', '儿子 不用 结婚 辛苦 养大 女儿 养老送终', '辛苦 养大 闺女 养老送终']",,,,,,,,,,,,,,,,,,,,,
36,2386,Patriarchy,Female objectification,36_结婚_婚姻_这婚_二婚,"['结婚', '婚姻', '这婚', '二婚', '领证', '结早', '结个', '已婚', '不结', '非结不可']","['想 结婚', '结婚', '没 结婚']",,,,,,,,,,,,,,,,,,,,,
40,2197,Patriarchy,Female objectification,40_怀孕_能生_基因_孩子,"['怀孕', '能生', '基因', '孩子', '要生', '多生', '生育', '不生', '警告', '生个']","['怀孕 离婚', '怀孕 生 孩子 要求 不行', '怀孕 不能 怀']",,,,,,,,,,,,,,,,,,,,,
41,1750,Patriarchy,Female objectification,41_一巴掌_巴掌_打人_耳光,"['一巴掌', '巴掌', '打人', '耳光', '打死', '一打', '一拳', '挨打', '挨揍', '打得']","['干 事 一巴掌', '一巴掌 心', '一巴掌 甩 死']",,,,,,,,,,,,,,,,,,,,,
61,1007,Patriarchy,Female objectification,61_泼妇_人渣_原谅_马嘉祺,"['泼妇', '人渣', '原谅', '马嘉祺', '男渣', '这渣', '走渣', '婊子', '老渣', '女流氓']","['泼妇', '泼妇 泼妇', '这种 老 泼妇 宰 留']",,,,,,,,,,,,,,,,,,,,,
102,1337,Patriarchy,Female objectification,102_委屈_女人_经历_处境,"['委屈', '女人', '经历', '处境', '日子', '忍忍', '受不了', '大多数', '大部分', '女性']","['委屈 女人', '女人 生活 受 委屈', '女人 日子 委屈']",,,,,,,,,,,,,,,,,,,,,
109,893,Patriarchy,Female objectification,109_打得_打的好_欠揍_一巴掌,"['打得', '打的好', '欠揍', '一巴掌', '打人', '打死', '女人', '巴掌', '耳光', '挨打']","['女人 打的好', '女人 打的好', '女人 女人 打的好']",,,,,,,,,,,,,,,,,,,,,
117,1389,Patriarchy,Female objectification,117_女人_恶毒_没良心_良心,"['女人', '恶毒', '没良心', '良心', '毒妇', '打死', '杀身之祸', '太坏', '女人真', '招来']","['真 恶毒 女人 恶毒 女人 不能', '恶毒 女人 太坏', '这种 女人 太 恶毒']",,,,,,,,,,,,,,,,,,,,,
150,974,Patriarchy,Female objectification,150_这种_女人_这女_离开,"['这种', '女人', '这女', '离开', '早点', '不要', '这才', '活该', '不能', '干嘛']","['这种 女人 欠 凑', '这种 女人 捧 爱 踩', '这种 女人 见']",,,,,,,,,,,,,,,,,,,,,
205,451,Patriarchy,Female objectification,205_未成年_调戏_一群_小女孩,"['未成年', '调戏', '一群', '小女孩', '少女', '大老爷们', '小姑娘', '巴结', '令人作呕', '恶意']","['不要 调戏 未成年', '评论 区 一群 大老爷们 恶心 � 调戏 未成年', '评论 区真 恶心 一群 大老爷们 调戏 一个 未成年 少女']",,,,,,,,,,,,,,,,,,,,,
239,441,Patriarchy,Female objectification,239_女人_夫人_丰满_女人味,"['女人', '夫人', '丰满', '女人味', '赤佬', '拥有', '白长', '保值', '冲水', '有人']","['女人', '女人', '女人']",,,,,,,,,,,,,,,,,,,,,
288,633,Patriarchy,Female objectification,288_这娘们_母娘_娘们_老娘,"['这娘们', '母娘', '娘们', '老娘', '这仗', '娘俩', '干娘', '这娘', '红娘', '好娘']","['这娘们', '这娘们 行', '这娘们 领']",,,,,,,,,,,,,,,,,,,,,
298,338,Patriarchy,Female objectification,298_母老虎_老虎_发威_病猫,"['母老虎', '老虎', '发威', '病猫', '狮子', '跳跳虎', '之词', '虎狼', '武松', '水牛']","['母老虎 凶', '母老虎', '老 母老虎']",,,,,,,,,,,,,,,,,,,,,
308,476,Patriarchy,Female objectification,308_养猪_老猪_猪肉_猪八戒,"['养猪', '老猪', '猪肉', '猪八戒', '畜牲', '猪价', '种猪', '野猪', '母猪', '哄抬']","['花钱 养猪', '不会 骗 养猪', '养猪']",,,,,,,,,,,,,,,,,,,,,
328,334,Patriarchy,Female objectification,328_恋爱_谈恋爱_失恋_马思纯,"['恋爱', '谈恋爱', '失恋', '马思纯', '谈个', '网恋', '纯纯', '甜甜的', '致敬', '信息']","['恋爱 脑 斩', '恋爱 脑 �', '恋爱']",,,,,,,,,,,,,,,,,,,,,
329,567,Patriarchy,Female objectification,329_关系_女生_放开_女孩,"['关系', '女生', '放开', '女孩', '妹子', '姑娘', '汉子', '女同', '女士', '大方']","['关系', '讲 关系', '关系']",,,,,,,,,,,,,,,,,,,,,
376,415,Patriarchy,Female objectification,376_苗苗_让步_正确_离婚,"['苗苗', '让步', '正确', '离婚', '决定', '短痛', '长痛', '担当', '支持', '选择']","['苗苗 离婚', '苗苗 离婚', '苗苗 离婚']",,,,,,,,,,,,,,,,,,,,,
457,402,Patriarchy,Female objectification,457_减肥_胖子_微胖_太瘦,"['减肥', '胖子', '微胖', '太瘦', '太轻', '胖妹', '毛毛', '长胖', '胖度', '小胖']","['( 减肥 版 )', '快 减肥 跳', '减肥']",,,,,,,,,,,,,,,,,,,,,
554,303,Patriarchy,Female objectification,554_生不出_难怪_儿子_怪不得,"['生不出', '难怪', '儿子', '怪不得', '老太婆', '生不', '生个', '下辈子', '恶毒', '这老']","['老太婆 太坏 难怪 生不出 儿子', '老太婆 难怪 生不出 儿子', '老太婆 难怪 生不出 儿子']",,,,,,,,,,,,,,,,,,,,,
598,772,Patriarchy,Female objectification,598_这女_那女_扳回_这妞,"['这女', '那女', '扳回', '这妞', '一局', '女子', '强势', '一女', '普信', '此女']","['这女', '这女', '这女']",,,,,,,,,,,,,,,,,,,,,
633,240,Patriarchy,Female objectification,633_孩子_信就行_努点力_妈姓,"['孩子', '信就行', '努点力', '妈姓', '姓行', '娃姓', '年少时', '孩纸', '没事', '四百万']","['孩子 姓', '孩子 姓', '孩子 姓']",,,,,,,,,,,,,,,,,,,,,
639,830,Patriarchy,Female objectification,639_我点_要点_点个_十个,"['我点', '要点', '点个', '十个', '一人点', '加点', '就点', '去点', '八个', '重点']","['求 我点 一个', '想 我点 一个', '求 我点 一个']",,,,,,,,,,,,,,,,,,,,,
671,340,Patriarchy,Female objectification,671_骂人_侮辱性_侮辱_讽刺,"['骂人', '侮辱性', '侮辱', '讽刺', '极强', '反讽', '伤害性', '挨骂', '伤人', '揭短']","['骂人', '逼 骂人', '想 骂人']",,,,,,,,,,,,,,,,,,,,,
700,195,Patriarchy,Female objectification,700_全职_家庭主妇_妈妈_宝妈,"['全职', '家庭主妇', '妈妈', '宝妈', '煮夫', '全职太太', '爸爸', '辛苦', '职场', '分工']","['全职 真的 工作 累', '全职 爸爸 全职 妈妈 值得 尊重', '全职 妈妈']",,,,,,,,,,,,,,,,,,,,,
8,3454,Patriarchy,Questioning authenticity,8_视频_拍个_无聊_剪辑,"['视频', '拍个', '无聊', '剪辑', '刷到', '能量', '看到', '垃圾', '流量', '视屏']","['拍 视频', '拍 视频', '拍 视频 嘴 留 徳 \n 瞎']",,,,,,,,,,,,,,,,,,,,,
32,1625,Patriarchy,Questioning authenticity,32_镜头_摄像头_拍照_拍摄,"['镜头', '摄像头', '拍照', '拍摄', '照片', '别拍', '烂片', '拍点', '摄影师', '头上']","['下次 别拍 女朋友 谢谢', '镜头 拍摄 演 真行', '太假 下次 拍点 真实']",,,,,,,,,,,,,,,,,,,,,
37,2163,Patriarchy,Questioning authenticity,37_演技_演戏_演员_演得,"['演技', '演戏', '演员', '演得', '拍戏', '表演', '太假', '女演员', '出演', '他演']","['演技 没', '演技 没', '演技 没']",,,,,,,,,,,,,,,,,,,,,
60,879,Patriarchy,Questioning authenticity,60_段子_拍个_别当真_当真,"['段子', '拍个', '别当真', '当真', '无聊', '太假', '能量', '真实', '现实生活', '现实']","['段子', '题 图 录 段子', '段子']",,,,,,,,,,,,,,,,,,,,,
98,958,Patriarchy,Questioning authenticity,98_骗人_骗子_诈骗_忽悠,"['骗人', '骗子', '诈骗', '忽悠', '馅饼', '骗钱', '传销', '天上掉', 'app', '造谣']","['老 骗人', '骗子 专 骗人', '骗人']",,,,,,,,,,,,,,,,,,,,,
107,1067,Patriarchy,Questioning authenticity,107_真假_真的假_假钱_高仿,"['真假', '真的假', '假钱', '高仿', '真实', '太假', '假货', '真的', '是不是', '假得']","['真假', '知道 真假', '真假 知道']",,,,,,,,,,,,,,,,,,,,,
147,635,Patriarchy,Questioning authenticity,147_流量_粉丝_热度_营销,"['流量', '粉丝', '热度', '营销', '关注', '引流', '有效', '炒作', '账号', '口碑']","['流量', '蹭 流量', '假 骗 流量']",,,,,,,,,,,,,,,,,,,,,
173,616,Patriarchy,Questioning authenticity,173_剧本_剧情_狗血_自导自演,"['剧本', '剧情', '狗血', '自导自演', '导演', '编剧', '短剧', '继续', '铺垫', '生物能']","['剧本 太 差', '剧本', '老 剧本']",,,,,,,,,,,,,,,,,,,,,
194,738,Patriarchy,Questioning authenticity,194_塌房_房租_房子_租房,"['塌房', '房租', '房子', '租房', '房东', '租房子', '收租', '房间', '出租', '房费']","['房租', '房租', '房租 租']",,,,,,,,,,,,,,,,,,,,,
263,533,Patriarchy,Questioning authenticity,263_不信_相信_差点_信不信,"['不信', '相信', '差点', '信不信', '我信', '秦始皇', '差一点', '可信度', '靠靠', '能信']","['不信 不信 不信 不信 不信 不信 不信 不信 不信 不信 不信 不信 不信 不信', '不信', '不信']",,,,,,,,,,,,,,,,,,,,,
314,435,Patriarchy,Questioning authenticity,314_吹牛_吹牛皮_忽悠_欣赏,"['吹牛', '吹牛皮', '忽悠', '欣赏', '打草稿', '真能', '这牛', '犯法', '夸夸', '别信']","['俩 搁 吹牛 逼 呐', '吹牛 逼', '吹牛 逼']",,,,,,,,,,,,,,,,,,,,,
387,292,Patriarchy,Questioning authenticity,387_国王_吉吉_演技_这段,"['国王', '吉吉', '演技', '这段', '飞飞', '封神', '全剧', '这部', '片段', '表演']","['吉吉 国王 演 真', '吉吉 国王 演', '吉吉 国王 演 真']",,,,,,,,,,,,,,,,,,,,,
396,600,Patriarchy,Questioning authenticity,396_胡说八道_犊子_离谱_扯淡,"['胡说八道', '犊子', '离谱', '扯淡', '荒谬', '夸张', '别太', '一本正经', '瞎编', '乱七八糟']","['胡说八道', '胡说八道', '胡说八道']",,,,,,,,,,,,,,,,,,,,,
436,484,Patriarchy,Questioning authenticity,436_一集_第几_这集_节目,"['一集', '第几', '这集', '节目', '第二季', '更新', '两集', '几集', '每集', '节目组']","['一集 加 逼 扇', '一集 尼', '一集']",,,,,,,,,,,,,,,,,,,,,
481,273,Patriarchy,Questioning authenticity,481_故事_讲故事_改编_事件,"['故事', '讲故事', '改编', '事件', '真实', '真会编', '纯属虚构', '开局', '全靠', '故事情节']","['编 故事', '故事', '摆 故事']",,,,,,,,,,,,,,,,,,,,,
506,244,Patriarchy,Questioning authenticity,506_我演_一集_想演_导演,"['我演', '一集', '想演', '导演', '两集', '我出', '来演', '求求', '一期', '我想演']","['我演 一集', '找 我演 一集', '我演 一集']",,,,,,,,,,,,,,,,,,,,,
569,249,Patriarchy,Questioning authenticity,569_演员_老太太_演戏_演技,"['演员', '老太太', '演戏', '演技', '老演', '老头', '没演', '演得', '这演', '贫僧']","['老 演员 老太婆', '老太婆 老 演员', '老太太 老 演员']",,,,,,,,,,,,,,,,,,,,,
597,231,Patriarchy,Questioning authenticity,597_大力_郭开_奇迹_演技,"['大力', '郭开', '奇迹', '演技', '劲大', '有力', '开演', '给力', '穿越', '南下']","['牛 大力', '牛 大力', '牛 大力']",,,,,,,,,,,,,,,,,,,,,
604,193,Patriarchy,Questioning authenticity,604_封神_表演_演技_百看不厌,"['封神', '表演', '演技', '百看不厌', '段位', '岔气', '经典', '当时', '搞笑', '这段']","['段 说不出 话 演技 绝对 封神', '八斗 段 演技 封神', '段 演技 绝对 封神']",,,,,,,,,,,,,,,,,,,,,
647,181,Patriarchy,Questioning authenticity,647_大饼_画饼_烧饼_这饼,"['大饼', '画饼', '烧饼', '这饼', '毛钱', '画个', '两毛', '烤肠', '飞饼', '根烤']","['画 大饼', '大饼 画 够 够', '画 大饼']",,,,,,,,,,,,,,,,,,,,,
668,175,Patriarchy,Questioning authenticity,668_演员_沉默_老戏骨_震耳欲聋,"['演员', '沉默', '老戏骨', '震耳欲聋', '这女', '七分钟', '艾叟', '面墙', '保持沉默', '晒干']","['老 演员', '老 演员', '老 演员']",,,,,,,,,,,,,,,,,,,,,
307,507,Exchange,Low family status,307_收拾_行李_东西_衣服,"['收拾', '行李', '东西', '衣服', '马上', '不带', '立马', '立刻', '行李箱', '缠上']","['行李 不用 收拾 马上 撤', '马上 收拾 行李', '行李 收拾 马上 跑']",,,,,,,,,,,,,,,,,,,,,
1,10094,Exchange,Low family status,1_丈母娘_老丈人_丈母_通情达理,"['丈母娘', '老丈人', '丈母', '通情达理', '点赞', '事理', '教育', '女儿', '太坏', '好人']","['丈母娘 丈母娘', '… 丈母娘 欠', '丈母娘 坏']",,,,,,,,,,,,,,,,,,,,,
9,3329,Exchange,Low family status,9_彩礼_天价_嫁妆_60,"['彩礼', '天价', '嫁妆', '60', '陪嫁', '男方', '几十万', '套房', '车子', '房子']","['彩礼', '彩礼', '彩礼']",,,,,,,,,,,,,,,,,,,,,
30,2745,Exchange,Low family status,30_嫁给_嫁过去_出嫁_嫁人,"['嫁给', '嫁过去', '出嫁', '嫁人', '嫁出去', '远嫁', '嫁女', '婆家', '男方', '嫁过来']","['想 嫁过去 家', '女人 嫁过去', '嫁过去 女人']",,,,,,,,,,,,,,,,,,,,,
45,1531,Exchange,Low family status,45_丈母娘_母娘_优秀_伟大,"['丈母娘', '母娘', '优秀', '伟大', '丈母', '东西', '最美', '修养', '好坏', '哪有']","['丈母娘', '丈母娘', '丈母娘']",,,,,,,,,,,,,,,,,,,,,
49,1445,Exchange,Low family status,49_上门_男人_会上_千万,"['上门', '男人', '会上', '千万', '单身', '女娟', '尊严', '女人', '能力', '不会']","['男人 上门', '男人 上门', '男人 上门']",,,,,,,,,,,,,,,,,,,,,
52,1008,Exchange,Low family status,52_小杰_倩倩_可可_小杰家,"['小杰', '倩倩', '可可', '小杰家', '倩倩妈', '倩倩家', '死要面子', '随小杰', '二婚', '死脑筋']","['小杰 太 傻', '小杰 快', '小杰']",,,,,,,,,,,,,,,,,,,,,
62,1047,Exchange,Low family status,62_浙江_广西_江苏_广东,"['浙江', '广西', '江苏', '广东', '湖南', '湖北', '杭州', '东北', '安徽', '赘婿']","['浙江 上门 女婿', '浙江 赘婿', '有没有 发现 招 赘婿 江苏 浙江']",,,,,,,,,,,,,,,,,,,,,
68,819,Exchange,Low family status,68_倒插门_女方_改姓_同姓,"['倒插门', '女方', '改姓', '同姓', '本来', '随母', '孩子', '姓氏', '随女', '毛病']","['倒插门 女方 姓', '倒插门 男 改 女方 姓', '倒插门 姓 女方 姓 倒插门']",,,,,,,,,,,,,,,,,,,,,
70,1624,Exchange,Low family status,70_兔子_起来_马不停蹄_撒腿就跑,"['兔子', '起来', '马不停蹄', '撒腿就跑', '太慢', '快点', '飞快', '冲刺', '我用', '反悔']","['走 百米 冲刺 跑 起来', '百米 冲刺 速度 跑', '走 有点 慢 直接 百米 冲刺 速度 跑']",,,,,,,,,,,,,,,,,,,,,
71,1209,Exchange,Low family status,71_点赞_丈母娘_这位_母娘,"['点赞', '丈母娘', '这位', '母娘', '丈母', '善良', '伟大', '平安', '好人', '健康长寿']","['丈母娘 点赞', '丈母娘 点赞', '丈母娘 点赞']",,,,,,,,,,,,,,,,,,,,,
76,788,Exchange,Low family status,76_萧山_萧山人_拆迁户_杭州,"['萧山', '萧山人', '拆迁户', '杭州', '赘婿', '拆迁', '萝卜干', '本地人', '独生女', '浙江']","['萧山 上门', '嫁 萧山', '萧山 女 丑 凶']",,,,,,,,,,,,,,,,,,,,,
77,1490,Exchange,Low family status,77_仿佛_根本_一见钟情_爱妻,"['仿佛', '根本', '一见钟情', '爱妻', '余生', '凡人', '初恋', '捕捉', '冰晶', '稀有金属']","['亲爱 小姐 \n \n \xa0 \xa0 \xa0 \xa0 \xa0 \xa0 \xa0 见字 如晤 展信 舒颜 \n \n \xa0 \xa0 \xa0 \xa0 \xa0 \xa0 \xa0 喜欢 大概 世界 独断 没有 道理 事 权衡利弊 见色 起意 突然 间 一个 牵肠挂肚 割舍不下 安稳 岁月 里 节外生枝 平淡 生活 里 日月星辰 \n \xa0 \xa0 \xa0 \xa0 \xa0 \xa0 清晨 日出 正午 小憩 漫天 星辰 夜晚 想 一起 度过 怀疑 喜欢 鱼恋 海 鸟儿 恋着 天空 太 懂 道理 想 好像 呼吸 不用 练习 \n \xa0 \xa0 \xa0 \xa0 \xa0 遇见 故事 走 到底 余生 欢喜 一个 喜欢 真是 太好了 浪费 光阴 虚度岁月 觉得 人间 不过如此 爱上你 之后 渴望 长命百岁 觉得 人间 值得 幸运 选择 爱 爱 只能 选择 爱 爱 \n \xa0 \xa0 \xa0 \xa0 \xa0 \xa0 林徽因 诗里 写 “ 一树 一树 花开 燕 梁间 呢喃 — — 爱 暖 希望 人间 四月 天 ” \n \xa0 \xa0 \xa0 \xa0 \xa0 \xa0 不敢 一生 喜欢 至少 看见 岁月 里 只想 一个 人好 生活 没 容易 想 放在 未来 里 一生 欢喜 世俗 所染', '亲爱 玛雅 小姐 : \n \n 见字 如晤 展信 舒颜 \n \n 喜欢 大概 世界 独断 没有 道理 事 权衡利弊 见色 起意 突然 间 一个 牵肠挂肚 割舍不下 安稳 岁月 里 节外生枝 平淡 生活 里 日月星辰 \n 清晨 日出 正午 小憩 漫天 星辰 夜晚 想 一起 度过 怀疑 喜欢 鱼恋 海 鸟儿 恋着 天空 太 懂 道理 想 好像 呼吸 不用 练习 \n 遇见 故事 走 到底 余生 欢喜 一个 喜欢 真是 太好了 浪费 光阴 虚度岁月 觉得 人间 不过如此 爱上你 之后 渴望 长命百岁 觉得 人间 值得 幸运 选择 爱 爱 只能 选择 爱 爱 \n 林徽因 诗里 写 “ 一树 一树 花开 燕 梁间 呢喃 — — 爱 暖 希望 人间 四月 天 ” \n 不敢 一生 喜欢 至少 看见 岁月 里 只想 一个 人好 生活 没 容易 想 放在 未来 里 一生 欢喜 世俗 所染', '亲爱 玛雅 小姐 : \n \n 见字 如晤 展信 舒颜 \n \n 喜欢 大概 世界 独断 没有 道理 事 权衡利弊 见色 起意 突然 间 一个 牵肠挂肚 割舍不下 安稳 岁月 里 节外生枝 平淡 生活 里 日月星辰 \n 清晨 日出 正午 小憩 漫天 星辰 夜晚 想 一起 度过 怀疑 喜欢 鱼恋 海 鸟儿 恋着 天空 太 懂 道理 想 好像 呼吸 不用 练习 \n 遇见 故事 走 到底 余生 欢喜 一个 喜欢 真是 太好了 浪费 光阴 虚度岁月 觉得 人间 不过如此 爱上你 之后 渴望 长命百岁 觉得 人间 值得 幸运 选择 爱 爱 只能 选择 爱 爱 \n 林徽因 诗里 写 “ 一树 一树 花开 燕 梁间 呢喃 — — 爱 暖 希望 人间 四月 天 ” \n 不敢 一生 喜欢 至少 看见 岁月 里 只想 一个 人好 生活 没 容易 想 放在 未来 里 一生 欢喜 世俗 所染']",,,,,,,,,,,,,,,,,,,,,
87,1064,Exchange,Low family status,87_立马_到手_到位_给钱,"['立马', '到手', '到位', '给钱', '马上', '拿到', '一秒', '一到', '立刻', '消失']","['走 钱 到手 立马 走', '钱 到手 立马 走', '钱 到手 立马 走']",,,,,,,,,,,,,,,,,,,,,
90,1329,Exchange,Low family status,90_老公_一个月_有钱_赚钱,"['老公', '一个月', '有钱', '赚钱', '工资', '每个', '挣钱', '上交', '嫁给', '攒钱']","['熬 走 老公 有钱', '嫁 老公 有钱', '老公 有钱']",,,,,,,,,,,,,,,,,,,,,
95,829,Exchange,Low family status,95_孩子_女方_小孩_上门,"['孩子', '女方', '小孩', '上门', '男方', '女婿', '随母', '两个', '姓氏', '随父']","['上门 女婿 孩子 姓 女方', '上门 女婿 孩子 女方 姓', '上门 女婿 孩子 女方 姓']",,,,,,,,,,,,,,,,,,,,,
96,803,Exchange,Low family status,96_愿意_报名_乐意_把握,"['愿意', '报名', '乐意', '把握', '非常', '想玩雪', '广交', '肯定', '他考', '愿意哦']","['愿意', '愿意', '愿意']",,,,,,,,,,,,,,,,,,,,,
132,627,Exchange,Low family status,132_赘婿_完结_后期_唐砖,"['赘婿', '完结', '后期', '唐砖', '余年', '更新', '小说', '官居', '一品', '看不下去']","['赘婿 2', '赘婿 写 完', '赘婿 写 完']",,,,,,,,,,,,,,,,,,,,,
133,626,Exchange,Low family status,133_入赘_孩子_女方_改姓,"['入赘', '孩子', '女方', '改姓', '姓氏', '赘婿', '同姓', '都行', '爷爷', '宗族']","['想 入赘 孩子 女方 姓', '入赘 孩子 女方 姓', '入赘 孩子 女方 姓']",,,,,,,,,,,,,,,,,,,,,
138,1021,Exchange,Low family status,138_赘婿_一万步_内眷_最强,"['赘婿', '一万步', '内眷', '最强', '来讲', '地位', '赘媳', '龙王', '不能', '有要']","['赘婿', '赘婿', '赘婿']",,,,,,,,,,,,,,,,,,,,,
140,555,Exchange,Low family status,140_萧山_萧山人_杭州_萧山区,"['萧山', '萧山人', '杭州', '萧山区', '余杭', '萧县', '本地人', '萧炎', '欢迎', '滨江区']","['真 萧山', '萧山', '萧山']",,,,,,,,,,,,,,,,,,,,,
143,530,Exchange,Low family status,143_软饭_演员_达令_林志玲,"['软饭', '演员', '达令', '林志玲', '关之琳', '仔细', '远看', '车老', '阿姨', '硬饭']","['软饭 硬 吃', '软饭 硬 吃', '软饭 硬 吃']",,,,,,,,,,,,,,,,,,,,,
151,637,Exchange,Low family status,151_东北_哈尔滨_辽宁_黑龙江,"['东北', '哈尔滨', '辽宁', '黑龙江', '娘们', '南方', '吉林', '长春', '沈阳', '雨姐']","['东北', '东北', '东北 屌 胡']",,,,,,,,,,,,,,,,,,,,,
156,580,Exchange,Low family status,156_下跪_跪下_这一_跪个,"['下跪', '跪下', '这一', '跪个', '跪拜', '磕头', '敬礼', '拜拜', '起立', '感恩']","['下跪', '走 走 下跪', '下跪']",,,,,,,,,,,,,,,,,,,,,
157,600,Exchange,Low family status,157_手表_戒指_妈呀_槽牙,"['手表', '戒指', '妈呀', '槽牙', '老表', '密码', '咬碎', '这表', '银行卡', '理查德']","['卖 手表', '买 手表', '款 手表']",,,,,,,,,,,,,,,,,,,,,
160,791,Exchange,Low family status,160_做饭_厨师_家务_厨房,"['做饭', '厨师', '家务', '厨房', '洗衣', '厅堂', '做菜', '洗衣服', '我会', '洗碗']","[' 做饭 敢', '哐 哐 做饭', '缺 缺 做饭 家务']",,,,,,,,,,,,,,,,,,,,,
161,576,Exchange,Low family status,161_云南_挣钱_傣族_大理,"['云南', '挣钱', '傣族', '大理', '不用', '纳西族', '白族', '干活', '丽江', '导游']","['云南 妹', '云南 男人 不用 挣钱 云南', '云南 男人 不用 挣钱 一个 云南 没 听']",,,,,,,,,,,,,,,,,,,,,
170,529,Exchange,Low family status,170_窝囊_窝囊废_师哥_学妹,"['窝囊', '窝囊废', '师哥', '学妹', '悲哀', '费交', '窝囊气', '学姐', '感同身受', '可怜']","['斌 窝囊废', '窝囊废', '窝囊废']",,,,,,,,,,,,,,,,,,,,,
171,526,Exchange,Low family status,171_入赘_远远_太想_多想,"['入赘', '远远', '太想', '多想', '入缀', '天君', '长三角', '仙家', '那远', '大凉山']","['想 入赘', '想 入赘', '想 入赘']",,,,,,,,,,,,,,,,,,,,,
172,631,Exchange,Low family status,172_彩礼_男方_还收_倒插门,"['彩礼', '男方', '还收', '倒插门', '名字', '女方', '孩子', '买房', '买车', '商量']","['女人 彩礼 孩子 男人 姓 男人 彩礼 孩子 女方 姓 错', '收 彩礼 女方 姓', '倒插门 男 女方 彩礼']",,,,,,,,,,,,,,,,,,,,,
193,513,Exchange,Low family status,193_打的好_帅哥_解恨_解气,"['打的好', '帅哥', '解恨', '解气', '支持', '打得', '认钱', '认人', '马氏', '和刻']","['打的好', '打的好', '打的好']",,,,,,,,,,,,,,,,,,,,,
197,1008,Exchange,Low family status,197_赘婿_招赘_有招_我要,"['赘婿', '招赘', '有招', '我要', '想当', '需要', '有没有', '赘媳', '条件', '招女']","['男 想 找 赘婿', '愿 赘婿', '赘婿 找']",,,,,,,,,,,,,,,,,,,,,
204,457,Exchange,Low family status,204_离婚_离离离_离过婚_丈夫,"['离婚', '离离离', '离过婚', '丈夫', '耶耶耶', '正确', '耶格尔', '两过', '阔以', '财产']","['离婚', '离婚', '离婚']",,,,,,,,,,,,,,,,,,,,,
206,777,Exchange,Low family status,206_90_98_95_94,"['90', '98', '95', '94', '92', '97', '99', '93', '70', '80']","['90 喜欢 70', '80 喜欢 90', '90 找 94 98']",,,,,,,,,,,,,,,,,,,,,
209,1077,Exchange,Low family status,209_我妈_后来_买房_公婆,"['我妈', '后来', '买房', '公婆', '爸妈', '房子', '老家', '我爸', '我家', '结婚']","['闺蜜 男方 出 6 万 彩礼 结婚 刚 结婚 没多久 男 外地 打工 出车祸 男 父母 闺蜜 怀孕 外地 医院 照顾 父母 出钱 闺蜜 拿出 彩礼 钱花 后来 生 孩子 婆婆 她家 医院 远 方便 娘家 坐月子 照顾 家里 鸡鸭 不了 亲家母 照顾 一下 一直 满月 200 块 闺蜜气 后来 一直 娘家 后来 生 老二 姓 她家 镇上 孩子 上学 方便 一直 娘家 偶尔 老公 公婆 家住 现在 打算 娘家 旁边 修房子', '媳妇 相亲 结婚 没什么 感觉 可能 单身 久 有点 意思 亲戚 撮合 家里人 软磨硬泡 终于 妥协 彩礼 18.8 不算 定金 金 整个 算下来 估计 三十万 左右 县城 里 买房 家里 二十万 爸妈 到处 亲戚 借钱 凑 二十多万 一直 不想 结婚 原因 当时 身上 两万块 钱 爸妈 没要 留 对象 花 定亲 出去 打工 一个 公司 一个月 六七千 块钱 老家 县城 上班 一块 打工 不想 离家 太远 喜欢 不想 事 没有 强求 偶尔 聊聊天 开开 视频 慢慢 熟悉 漂亮 明显 感觉 慢慢 喜欢 期间 没有 吵过 一次 架 十月 回去 牵 手 主动 拉 手 开车 带 玩 几天 牵手 拥抱 最后 依依不舍 真的 无比 期待 结婚 每天 聊天 每天 视频 热恋 情侣 算是 初恋 感觉 无比 幸福 生活 充满 希望 年底 腊月 26 号 结婚 结婚 那天 特别 紧张 紧张 想 厕所 醒 真的 后悔 睡觉 前 不该 喝 一杯 水', '媳妇 相亲 结婚 没什么 感觉 可能 单身 久 有点 意思 亲戚 撮合 家里人 软磨硬泡 终于 妥协 彩礼 18.8 不算 定金 金 整个 算下来 估计 三十万 左右 县城 里 买房 家里 二十万 爸妈 到处 亲戚 借钱 凑 二十多万 一直 不想 结婚 原因 当时 身上 两万块 钱 爸妈 没要 留 对象 花 定亲 出去 打工 一个 公司 一个月 六七千 块钱 老家 县城 上班 一块 打工 不想 离家 太远 喜欢 不想 事 没有 强求 偶尔 聊聊天 开开 视频 慢慢 熟悉 漂亮 明显 感觉 慢慢 喜欢 期间 没有 吵过 一次 架 十月 回去 牵 手 主动 拉 手 开车 带 玩 几天 牵手 拥抱 最后 依依不舍 真的 无比 期待 结婚 每天 聊天 每天 视频 热恋 情侣 算是 初恋 感觉 无比 幸福 生活 充满 希望 年底 腊月 26 号 结婚 结婚 那天 特别 紧张 紧张 想 厕所 醒 真的 后悔 睡觉 前 不该 喝 一杯 水']",,,,,,,,,,,,,,,,,,,,,
221,443,Exchange,Low family status,221_口音_绍兴_方言_吴语,"['口音', '绍兴', '方言', '吴语', '浙江', '普通话', '发音', '上海', '追到手', '吴侬']","['口音', '口音', '口音']",,,,,,,,,,,,,,,,,,,,,
226,714,Exchange,Low family status,226_大叔_63_老头_老伴,"['大叔', '63', '老头', '老伴', '老公', '找个', '多岁', '40', '年纪', '年轻']","['老公 63', '老公 63', '老公 63']",,,,,,,,,,,,,,,,,,,,,
228,470,Exchange,Low family status,228_入赘_有招_有人_消山,"['入赘', '有招', '有人', '消山', '蛇神', 'promise', 'bia', 'loop', '为啥', '供需']","['入赘', '啃 入赘', '入赘']",,,,,,,,,,,,,,,,,,,,,
229,382,Exchange,Low family status,229_贵州_仿佛_贵阳_根本,"['贵州', '仿佛', '贵阳', '根本', '山火', '困于', '薄翼', '凡胎', '如梦', '蜻蜓']","['贵州 近 找', '回 贵州', '回 贵州']",,,,,,,,,,,,,,,,,,,,,
233,490,Exchange,Low family status,233_年收入_三万_年薪_三万元,"['年收入', '三万', '年薪', '三万元', '3w', '收入', '万元', '一年', 'aa', '月入']","['年收入 三万 吃 屁', '年收入 三万', '年收入 三万 错']",,,,,,,,,,,,,,,,,,,,,
242,763,Exchange,Low family status,242_没用_丢脸_无用_男人,"['没用', '丢脸', '无用', '男人', '丢人', '丢光', '面子', '真给', '不要脸', '沒用']","['男人 男人 丢脸', '没用 男人 丢脸', '没用 男人 太 丢脸']",,,,,,,,,,,,,,,,,,,,,
243,514,Exchange,Low family status,243_广告_潮汕_潮汕人_师傅,"['广告', '潮汕', '潮汕人', '师傅', '汕头人', '汕头', '打广告', '光宗耀祖', '广告费', '八斗']","['广告', '接 广告', '广告']",,,,,,,,,,,,,,,,,,,,,
248,451,Exchange,Low family status,248_上门去_上门_上门服务_快去,"['上门去', '上门', '上门服务', '快去', '上門', '包月', '计件', '先上門', '李戴', '就术术']","['上门', '上门', '上门']",,,,,,,,,,,,,,,,,,,,,
249,420,Exchange,Low family status,249_卑微_爱情_低头_屋檐下,"['卑微', '爱情', '低头', '屋檐下', '活着', '阿尔卑斯', '不得不', '牛奶', '何必', '注定']","['妈 卑微', '卑微 成 样', '爱 卑微']",,,,,,,,,,,,,,,,,,,,,
251,426,Exchange,Low family status,251_美国_哈哈哈_往事_三套,"['美国', '哈哈哈', '往事', '三套', '认真', '哈哈哈哈', '嫂子', '圈起来', '重点', '美利坚']","['美国 牛 逼', '美国 真 … …', '美国']",,,,,,,,,,,,,,,,,,,,,
255,476,Exchange,Low family status,255_60_六十万_60w_买断,"['60', '六十万', '60w', '买断', '万太多', '六万', '陪嫁', '万买', '来往', '男方']","['60 万 卖 儿子', '60 万 卖 儿子', '60 万 卖 儿子']",,,,,,,,,,,,,,,,,,,,,
259,424,Exchange,Low family status,259_跪天_跪拜_下跪_新郎,"['跪天', '跪拜', '下跪', '新郎', '长辈', '新娘', '香火', '跪下', '膝下', '跪谢']","['评论 跪拜 长辈 正常', '跪天 跪 跪 父母 跪拜 父母 应该 不孝', '跪拜 可能 新娘 姑 新娘 同姓 这是 跪拜 新郎 入赘 女方 姓氏 延续 香火 觉得 理解']",,,,,,,,,,,,,,,,,,,,,
264,358,Exchange,Low family status,264_保姆_男保姆_免费_保镖,"['保姆', '男保姆', '免费', '保镖', '请个', '住家', '家当', '不请', '保安', '买菜']","['保姆', '找 保姆', '保姆']",,,,,,,,,,,,,,,,,,,,,
266,398,Exchange,Low family status,266_奋斗_阿姨_努力_不想,"['奋斗', '阿姨', '努力', '不想', '曾经', '读书', '当小三', '年纪', '努力奋斗', '小三']","['阿姨 不想 奋斗', '阿姨 不想 奋斗', '阿姨 不想 奋斗']",,,,,,,,,,,,,,,,,,,,,
270,408,Exchange,Low family status,270_彩礼_入赘_嫁妆_别玩,"['彩礼', '入赘', '嫁妆', '别玩', '被子', '双标', '三床', '男方', '不许', '娶媳妇']","['卷 入赘 想 收 彩礼', '入赘 彩礼', '收 彩礼 想 入赘']",,,,,,,,,,,,,,,,,,,,,
273,576,Exchange,Low family status,273_勇气_改变_认错_死性不改,"['勇气', '改变', '认错', '死性不改', '本性难移', '整大', '冤枉', '勇敢', '错误', '想犯']","['勇气', '勇气', '勇气']",,,,,,,,,,,,,,,,,,,,,
279,550,Exchange,Low family status,279_男女平等_平等_女权_公平,"['男女平等', '平等', '女权', '公平', '地位', '女性', '男女', '男卑', '女尊', '社会']","['男女平等', '男女平等 … …', '男女平等']",,,,,,,,,,,,,,,,,,,,,
287,730,Exchange,Low family status,287_犹豫_一秒_尊重_一秒钟,"['犹豫', '一秒', '尊重', '一秒钟', '不懂事', '迟疑', '半秒', '对不起', '多一秒', '毫不犹豫']","['犹豫 一秒', '犹豫 一秒 错', '犹豫 一秒']",,,,,,,,,,,,,,,,,,,,,
292,357,Exchange,Low family status,292_羡慕_娘子_天君_好羡慕,"['羡慕', '娘子', '天君', '好羡慕', '上辈子', '不差', '金福珠', '这不金', '望望', '生活']","['裸 羡慕', '羡慕', '羡慕']",,,,,,,,,,,,,,,,,,,,,
294,1012,Exchange,Low family status,294_干得_干活_打工_漂亮,"['干得', '干活', '打工', '漂亮', '出去', '真能干', '工作', '能干', '长工', '外面']","['出去 打工', '出去 打工', '出去 打工']",,,,,,,,,,,,,,,,,,,,,
301,869,Exchange,Low family status,301_找到_老婆_不到_夫复,"['找到', '老婆', '不到', '夫复', '何求', '老公', '媳妇', '找个', '有妻', '无妻']","['找到 老婆 算 输', '找到 老婆', '找到 老婆 没']",,,,,,,,,,,,,,,,,,,,,
306,378,Exchange,Low family status,306_aa_aa制_扣哥_节俭,"['aa', 'aa制', '扣哥', '节俭', '抠门', '人过', '干嘛', '消费观念', '炒股', '一半']","['aa', '笑 死 AA', 'Aa']",,,,,,,,,,,,,,,,,,,,,
318,425,Exchange,Low family status,318_上桌_吃饭_不让_人多,"['上桌', '吃饭', '不让', '人多', '桌子', '客人', '过分', '饭桌', '一桌', '上床']","['不让 上桌 吃饭', '不让 上桌 吃饭', '不让 上桌 吃饭 吃 掀']",,,,,,,,,,,,,,,,,,,,,
335,490,Exchange,Low family status,335_吃软饭_软饭_互换_痛恨,"['吃软饭', '软饭', '互换', '痛恨', '家庭主妇', '讨厌', '看不起', '以前', '瞧不起', '用钱']","['男人 吃 吃软饭', '吃软饭 男人', '吃软饭 男人 真']",,,,,,,,,,,,,,,,,,,,,
336,711,Exchange,Low family status,336_知道_认识_自知之明_不知好歹,"['知道', '认识', '自知之明', '不知好歹', '懂得', '了解', '我顶', '懂事', '懂吗', '不识好歹']","['知道', '想 知道 知道', '知道']",,,,,,,,,,,,,,,,,,,,,
342,370,Exchange,Low family status,342_户口_户口本_派出所_迁走,"['户口', '户口本', '派出所', '迁走', '户口簿', '迁出', '身份证', '绝户', '迁出去', '迁过去']","['户口本', '迁 户口 不用 户口本', '迁 户口 户口本']",,,,,,,,,,,,,,,,,,,,,
347,339,Exchange,Low family status,347_好羡慕_脸皮_脸皮厚_一起,"['好羡慕', '脸皮', '脸皮厚', '一起', '金砖', '腼腆', '共享', '佩服', '没脸没皮', '羡慕']","['好羡慕', '好羡慕', '好羡慕']",,,,,,,,,,,,,,,,,,,,,
353,326,Exchange,Low family status,353_带我去_带你去_见世面_兜风,"['带我去', '带你去', '见世面', '兜风', '求求', '抢菜', '有空', '见识', 'gx', '旅游']","['带我去', '带我去', '带我去']",,,,,,,,,,,,,,,,,,,,,
361,394,Exchange,Low family status,361_现实_现实生活_中有_实际,"['现实', '现实生活', '中有', '实际', '事实', '真实', '中是', '实力派', '社会', '存在']","['现实 假', '太 现实', '现实']",,,,,,,,,,,,,,,,,,,,,
365,892,Exchange,Low family status,365_父母_一起_男方_双方,"['父母', '一起', '男方', '双方', '单独', '家长', '女方', '分开', '一间', '小两口']","['送 男方 父母', '老婆 不要 父母 不会 男方 父母', '女方 男方 父母 一起 住 男方 不能 女方 父母 一起 住']",,,,,,,,,,,,,,,,,,,,,
375,364,Exchange,Low family status,375_过年_大过年_本命年_新年快乐,"['过年', '大过年', '本命年', '新年快乐', '新年', '今年', '大年三十', '春节', '完年', '一年']","['过年 梦', '真 过年', '走 走 留 过年']",,,,,,,,,,,,,,,,,,,,,
377,322,Exchange,Low family status,377_牙口_牙齿_ad_我牙,"['牙口', '牙齿', 'ad', '我牙', '不好', '医生', '吃软饭', '假牙', '牙医', '口臭']","['牙口 不好', '牙口 不好', '牙口 不好']",,,,,,,,,,,,,,,,,,,,,
391,427,Exchange,Low family status,391_河南_郑州_河北_河南人,"['河南', '郑州', '河北', '河南人', '洛阳', '陕西', '农业大学', '河南省', '石家庄', '河北人']","['河南', '河南 吃 挺', '想 河南']",,,,,,,,,,,,,,,,,,,,,
392,333,Exchange,Low family status,392_广东_福建_入赘_杭州,"['广东', '福建', '入赘', '杭州', '浙江', '有没有', '苏州', '广西', '广州', '潮汕']","['有没有 广东 入赘', '有没有 入赘 广东', '准备 入赘 学 快 广东 福建 富婆 看看']",,,,,,,,,,,,,,,,,,,,,
399,312,Exchange,Low family status,399_南方_北方_南方人_东北,"['南方', '北方', '南方人', '东北', '太冷', '冬天', '过冬', '冻死', '夏天', '非得']","['不来 南方 找 南方 北方 找 北方', '北方 南方 没 这种 事', '北方 有没有 喜欢 南方']",,,,,,,,,,,,,,,,,,,,,
415,605,Exchange,Low family status,415_招女婿_招婿_找女婿_把戏,"['招女婿', '招婿', '找女婿', '把戏', '招个', '招女', '招郎', '耍把戏', '谁家', '娶媳妇']","['招女婿', '招女婿', '招女婿']",,,,,,,,,,,,,,,,,,,,,
424,301,Sexual Script,Appearance requirement,424_东方明珠_姿色_倒插门_前夫,"['东方明珠', '姿色', '倒插门', '前夫', '明珠', '一颗', '掌上明珠', '插个', '插队', '自卖自夸']","['东方明珠', '东方明珠', '东方明珠']",,,,,,,,,,,,,,,,,,,,,
432,304,Exchange,Low family status,432_弯路_少走弯路_三十年_几十年,"['弯路', '少走弯路', '三十年', '几十年', '30', '二十年', '走弯路', '四十年', '40', '捷径']","['少 走 弯路', '少 走 弯路', '少 走 弯路']",,,,,,,,,,,,,,,,,,,,,
442,313,Exchange,Low family status,442_女婿_上门_我来_没人要,"['女婿', '上门', '我来', '没人要', '想当', '想来', '开玩笑', '想不开', '有人', '会员费']","['想 上门 女婿', '想 上门 女婿', '想 上门 女婿']",,,,,,,,,,,,,,,,,,,,,
444,363,Exchange,Low family status,444_安徽_阜阳_江苏_合肥,"['安徽', '阜阳', '江苏', '合肥', '蚌埠', '徐州', '安徽省', '江苏省', '色色色', '宣言']","['安徽 阜阳', '安徽 阜阳', '安徽 阜阳']",,,,,,,,,,,,,,,,,,,,,
445,275,Exchange,Low family status,445_南京_格局_打开_南昌,"['南京', '格局', '打开', '南昌', '姐妹', '真严', '理工', '传媒', '南通', '嘴真严']","['南京', '南京', '. 南京 南京']",,,,,,,,,,,,,,,,,,,,,
452,623,Exchange,Low family status,452_婆家_婆婆_儿媳妇_委屈,"['婆家', '婆婆', '儿媳妇', '委屈', '公婆', '欺负', '娘家', '婆媳', '媳妇', '女人']","['女人 婆家', '女人 婆家', '女人 婆家']",,,,,,,,,,,,,,,,,,,,,
459,276,Exchange,Low family status,459_房东_丹丹_女房客_女房东,"['房东', '丹丹', '女房客', '女房东', '青岛', '太有', '武汉', '道理', '房间', '走位']","['房东 真 遇', '想 房东', '笑 死 房东 拉 黑']",,,,,,,,,,,,,,,,,,,,,
465,376,Exchange,Low family status,465_欺负_欺人太甚_人善_马善,"['欺负', '欺人太甚', '人善', '马善', '欺人', '狠人', '欺马善', '去处', '软弱', '嚣张']","['太 欺负', '欺负', '欺负']",,,,,,,,,,,,,,,,,,,,,
468,256,Exchange,Low family status,468_倒插门_倒插_插门_xingma,"['倒插门', '倒插', '插门', 'xingma', '拉门', '专克伏', '警官', '后门', '对应', '超人']","['带 倒插门', '倒插门 梗 脖', '倒插门']",,,,,,,,,,,,,,,,,,,,,
478,333,Exchange,Low family status,478_医生_不好_肠胃_吃软饭,"['医生', '不好', '肠胃', '吃软饭', '胃下垂', '胃口', '不太好', '适合', '吃点', '吃软']","['医生 胃 不好 吃软饭', '医生 胃 不好 吃 吃软饭', ' 医生 胃 不好 吃软饭']",,,,,,,,,,,,,,,,,,,,,
484,235,Exchange,Low family status,484_我要_入赘_我能_我来,"['我要', '入赘', '我能', '我来', '管吃管住', '机会', '有要', '我该', '完架', '八家']","['我要 入赘', '我要 入赘', '我要 入赘']",,,,,,,,,,,,,,,,,,,,,
512,1075,Exchange,Low family status,512_快点_赶紧_快进_着急,"['快点', '赶紧', '快进', '着急', '啥时候', '快来', '急死', '快快', '来得及', '拿下']","['快点', '快点', '快点']",,,,,,,,,,,,,,,,,,,,,
515,480,Exchange,Low family status,515_独生子女_独生女_独生子_独生,"['独生子女', '独生女', '独生子', '独生', '两边', '孤儿', '独子', '双方', '独立', '两个']","['独生子女 快乐', '独生子女 孩子 想 住 幸福', '独生子女 应该']",,,,,,,,,,,,,,,,,,,,,
536,235,Exchange,Low family status,536_湖北_湖南_武汉_做起,"['湖北', '湖南', '武汉', '做起', '男色', '湖南人', '恩施', '益阳', '长沙', '郴州']","['湖北 行', '湖北 武汉', '湖北 武汉 滴']",,,,,,,,,,,,,,,,,,,,,
537,312,Exchange,Low family status,537_互换_换位_角色_男女,"['互换', '换位', '角色', '男女', '思考', '身份', '换个', '对换', '换下', '位置']","['男女 角色 互换 不行', '男女 角色 互换', '男女 互换 角色']",,,,,,,,,,,,,,,,,,,,,
570,392,Exchange,Low family status,570_四川_四川人_成都_耳朵,"['四川', '四川人', '成都', '耳朵', '泸州', '南充', '广元', '蜀道', '脾气好', '妹子']","['四川 上门 不要', '四川 没 男人', '四川 招 上门 女婿']",,,,,,,,,,,,,,,,,,,,,
587,370,Exchange,Low family status,587_山东_济南_山东人_山西,"['山东', '济南', '山东人', '山西', '青岛', '山东省', '临沂', '淄博', '潍坊', '济南人']","['山东 行', '山东', '鲁 B 山东 车']",,,,,,,,,,,,,,,,,,,,,
634,210,Exchange,Low family status,634_不好_容易_好处_女婿,"['不好', '容易', '好处', '女婿', '上门', '最难', '牛马', '缺礼', '请善代', '招白演']","['上门 女婿 不好', '上门 女婿 不好', '上门 女婿 不好']",,,,,,,,,,,,,,,,,,,,,
655,217,Exchange,Low family status,655_羡慕_百花_加入_不羡仙,"['羡慕', '百花', '加入', '不羡仙', '不羡', '鸳鸯', '好羡慕', '高攀不起', '实名', '点子']","['羡慕', '太 羡慕', '狠 羡慕']",,,,,,,,,,,,,,,,,,,,,
677,286,Exchange,Low family status,677_奋斗_不想_几十年_奮鬥,"['奋斗', '不想', '几十年', '奮鬥', '突然', '好几十年', '我想少', '想少', '30', '龙年大吉']","['不想 奋斗', '不想 奋斗', '不想 奋斗']",,,,,,,,,,,,,,,,,,,,,
706,175,Exchange,Low family status,706_赘婿_想当_真想_多想,"['赘婿', '想当', '真想', '多想', '撩断', '咱没人', '我糙', '大壮', '脚骨', '丁寒']","['男 想 赘婿', '想 赘婿', '想 赘婿']",,,,,,,,,,,,,,,,,,,,,
4,4936,Exchange,Men's economic resources,4_入赘_条件_申请_优势,"['入赘', '条件', '申请', '优势', '开玩笑', '二婚', '需要', '我要', '要求', '有没有']","['入赘 入赘 听', '� � \u200d ♂ ️ 入赘', '男 入赘']",,,,,,,,,,,,,,,,,,,,,
25,1930,Exchange,Men's economic resources,25_申请_入赘_体重_身高,"['申请', '入赘', '体重', '身高', '抽烟', '不良嗜好', '喝酒', '180', '178', '做饭']","['申请 入赘 30 岁 不良嗜好 有车有房', '申请 入赘 男 95 身高 180 . 抽烟 喝酒 不良嗜好 不会 做饭 躺平 就行 要求 女方 提', '180 申请 入赘']",,,,,,,,,,,,,,,,,,,,,
33,1940,Exchange,Men's economic resources,33_抽烟_喝酒_赌博_不良嗜好,"['抽烟', '喝酒', '赌博', '不良嗜好', '打牌', '做饭', '偶尔', '吸烟', '体重', '身高']","['98 男 抽烟 喝酒 不良嗜好 有没有 姐姐 收', '男 178 抽烟 喝酒 打牌 做饭', '185 抽烟 喝酒 不良嗜好']",,,,,,,,,,,,,,,,,,,,,
46,1555,Exchange,Men's economic resources,46_年龄_年纪_18_十八岁,"['年龄', '年纪', '18', '十八岁', '20', '刚满', '岁数', '二十岁', '30', '多岁']","['问 年龄 想 挑', '年龄', '年龄 点']",,,,,,,,,,,,,,,,,,,,,
63,1302,Exchange,Men's economic resources,63_倒插门_觉悟_插门_倒插,"['倒插门', '觉悟', '插门', '倒插', '规矩', '装反', '就别', '丢人', '搞搞', '能力']","[' 穷 倒插门', '疯 倒插门', '想 玩 没 钱 倒插门 倒插门']",,,,,,,,,,,,,,,,,,,,,
79,962,Exchange,Men's economic resources,79_小伙子_小伙_家伙_不识抬举,"['小伙子', '小伙', '家伙', '不识抬举', '小子', '贵人', '这人', '不知好歹', '年轻', '前途']","['小伙子', '小伙子', '小伙子 想']",,,,,,,,,,,,,,,,,,,,,
81,890,Exchange,Men's economic resources,81_彩礼_男方_女方_上门,"['彩礼', '男方', '女方', '上门', '买房', '女婿', '买车', '拿不出', '嫁妆', '车子']","['上门 女婿 出 彩礼', '上门 女婿 付 彩礼', '上门 女婿 彩礼']",,,,,,,,,,,,,,,,,,,,,
94,978,Exchange,Men's economic resources,94_申请_奶爸_专一_激烈,"['申请', '奶爸', '专一', '激烈', '竞争', '性格', '无房', '贷款', '无车', '女方']","['申请 入赘 男 25 岁 身高 180 无房 无车 性格 专一 在家 奶爸 找 一个 有车有房 贷款 女 月薪 2w + 彩礼 28.8 万 孩子 女方 姓 女方 姓 竞争 激烈 全家 女方 姓', '申请 入赘 男 22 岁 身高 175 无房 无车 性格 专一 在家 奶爸 找 一个 有车有房 贷款 女 月薪 2w + 彩礼 28.8 万 孩子 女方 姓 女方 姓 竞争 激烈 全家 女方 姓', '申请 入赘 男 22 岁 身高 175 无房 无车 性格 专一 在家 奶爸 找 一个 有车有房 贷款 女 月薪 2w + 彩礼 28.8 万 孩子 女方 姓 女方 姓 竞争 激烈 全家 女方 姓']",,,,,,,,,,,,,,,,,,,,,
104,993,Exchange,Men's economic resources,104_条件_要求_达标_符合,"['条件', '要求', '达标', '符合', '满足', '符合要求', '岗位', '硬件', '门槛', '符合条件']","['条件 想', '条件 想', '要求 条件']",,,,,,,,,,,,,,,,,,,,,
106,1535,Exchange,Men's economic resources,106_体重_身高_180_183,"['体重', '身高', '180', '183', '185', '175', '做饭', '140', '不良嗜好', '178']","['身高 180 体重 130 爱 做饭 爱 运动 不良嗜好 看看', '身高 178 体重 150', '身高 183 体重 130 做饭']",,,,,,,,,,,,,,,,,,,,,
108,1346,Exchange,Men's economic resources,108_兄弟_哥们_哥们儿_糊涂,"['兄弟', '哥们', '哥们儿', '糊涂', '老弟', '加油', '好样', '雄起', '靠你了', '机会']","['兄弟 ..', '兄弟 牛 逼', '兄弟 真']",,,,,,,,,,,,,,,,,,,,,
111,1088,Exchange,Men's economic resources,111_离异_未婚_87_93,"['离异', '未婚', '87', '93', '91', '92', '90', '真心', '89', '94']","['离异 知道 有没有', '离异 带 孩子', '离异 想 上门 行']",,,,,,,,,,,,,,,,,,,,,
116,906,Exchange,Men's economic resources,116_愿意_我行_名字_北京,"['愿意', '我行', '名字', '北京', '实在是高', '拒绝', '爷们', '答应', '记不住', '性价比']","['愿意 愿意', '愿意 愿意', '愿意 愿意']",,,,,,,,,,,,,,,,,,,,,
159,733,Exchange,Men's economic resources,159_带走_带上_孩子_小孩,"['带走', '带上', '孩子', '小孩', '回家吧', '立马', '马上', '回家', '一起', '领着']","['孩子 带走', '孩子 带走', '走 孩子 带走']",,,,,,,,,,,,,,,,,,,,,
215,466,Exchange,Men's economic resources,215_秃顶_光头_秃头_头发,"['秃顶', '光头', '秃头', '头发', '脱发', '遗传', '秃子', '植发', '平头', '帽子']","['秃顶 问', '秃顶', '秃顶']",,,,,,,,,,,,,,,,,,,,,
269,604,Exchange,Men's economic resources,269_必要条件_三顿_奶爸_专一,"['必要条件', '三顿', '奶爸', '专一', '贷款', '屌丝', '勿扰', '有车有房', '公告', '发布']","['上门 女婿 入赘 男 25 岁 身高 170 无房 无车 性格 专一 在家 奶爸 找 一个 有车有房 贷款 女 月薪 2w + 彩礼 28.8 万 孩子 女方 姓 必要条件 女方 姓 屌丝 女 勿扰', '上门 女婿 入赘 男 20 岁 无房 无车 性格 专一 在家 奶爸 找 一个 有车有房 贷款 女 孩子 女方 姓 女 屌丝 勿扰', '上门 女婿 入赘 男 28 岁 身高 175 无房 无车 性格 专一 在家 奶爸 找 一个 有车有房 贷款 女 彩礼 9 万 孩子 女方 姓 必要条件 女方 姓 屌丝 女 勿扰']",,,,,,,,,,,,,,,,,,,,,
357,285,Exchange,Men's economic resources,357_纹身_做法_胳膊_北大,"['纹身', '做法', '胳膊', '北大', '公子', '博士生', '纹子', '白纹', '身上', '支持']","['没 纹身', '女 纹身', '纹身 白 瞎']",,,,,,,,,,,,,,,,,,,,,
379,538,Exchange,Men's economic resources,379_条件_要求_女生_标准,"['条件', '要求', '女生', '标准', '提出', '接受', '男方', '过硬', '择偶', '符合']","['要求 男 要求 高 看看 女孩 条件', '想 问 一下 这种 要求 女方 条件', '要求 女生 条件 骂 死']",,,,,,,,,,,,,,,,,,,,,
428,293,Exchange,Men's economic resources,428_开封_手套_白狼_质量,"['开封', '手套', '白狼', '质量', '想空', '高质量', '封心', '水泥', '出发', '呼叫']","['开封 走', '开封', '开封']",,,,,,,,,,,,,,,,,,,,,
434,579,Exchange,Men's economic resources,434_男神_男生_男女_理工,"['男神', '男生', '男女', '理工', '男版', '男士', '普信', '男性', '命好', '男孩子']","['男频 霸 总文', '男族 大帝', '女友 我选 扮演 黑老大 打不死 死 不想 努力']",,,,,,,,,,,,,,,,,,,,,
447,637,Exchange,Men's economic resources,447_低于_优秀者_适当_放宽,"['低于', '优秀者', '适当', '放宽', '屌丝', '勿扰', '年入', '顾家', '好哈', '保障']","['自愿 上门 女婿 要求 女方 有车有房 年入 低于 100 万 三观 正 第一个 孩子 女方 姓 满眼 疼 爱 最好 买 车 条件 优秀者 适当 放宽 条件 彩礼 低于 38 万 男 24 岁 爱好 打游戏 国内 旅游 喜欢 吃软饭 干 还行 做饭 考虑 好哈 屌丝 女 勿扰', '自愿 上门 女婿 要求 女方 有车有房 年入 低于 100 万 三观 正 第一个 孩子 女方 姓 满眼 疼 爱 最好 买 车 条件 优秀者 适当 放宽 条件 彩礼 低于 38 万 男 29 岁 月入 1.5 w 爱好 打游戏 国内 旅游 喜欢 吃软饭 干 不行 吃 剩 考虑 好哈 屌丝 女 勿扰', '自愿 上门 女婿 要求 女方 有车有房 年入 低于 100 万 三观 正 孩子 女方 姓 满眼 疼 爱 最好 买 车 条件 优秀者 适当 放宽 条件 彩礼 低于 38 万 男 25 岁 身高 175 爱好 旅游 喜欢 吃软饭 干 不行 做饭 考虑 好哈 屌丝 女 勿扰']",,,,,,,,,,,,,,,,,,,,,
495,276,Exchange,Men's economic resources,495_秃顶_秃头_稳定_头发,"['秃顶', '秃头', '稳定', '头发', '茂密', '家族', '发量', '工作', '175', '身高']","['工作 稳定 秃顶 听 老婆 话', '工作 稳定 1.8 秃顶', '工作 稳定 秃顶']",,,,,,,,,,,,,,,,,,,,,
535,549,Exchange,Men's economic resources,535_带走_带回家_领走_回来,"['带走', '带回家', '领走', '回来', '多带', '带上', '带回去', '能带', '带回', '安全带']","['想 带回家', '带回家', '带回家']",,,,,,,,,,,,,,,,,,,,,
546,349,Exchange,Men's economic resources,546_符合_适合_满足_合适,"['符合', '适合', '满足', '合适', '完全符合', '浪漫', '我全', '交换', '符合标准', '合格']","['符合', '符合', '符合']",,,,,,,,,,,,,,,,,,,,,
549,273,Exchange,Men's economic resources,549_醒醒_洗洗_兄弟_睡醒,"['醒醒', '洗洗', '兄弟', '睡醒', '梦里', '哥们', '天亮', '大哥', '起床', '做梦']","['兄弟 洗洗 睡 梦里', '兄弟 洗洗 睡 梦里', '洗洗 睡 兄弟 梦里']",,,,,,,,,,,,,,,,,,,,,
563,336,Exchange,Men's economic resources,563_抽烟_烟灰_弹个_烟花,"['抽烟', '烟灰', '弹个', '烟花', '包烟', '青烟', '祖坟', '根烟', '烟味', '动作']","['树 先生 \n 吸烟 动作', '抽烟 动作 看到 树 先生 … …', '抽烟 动作 有点 想 王宝 强演 树 先生 里面 抽烟 动作']",,,,,,,,,,,,,,,,,,,,,
583,352,Exchange,Men's economic resources,583_蹲个_95_97_98,"['蹲个', '95', '97', '98', '有缘人', '96', '92', '93', '94', '90']","['蹲个 有缘人', '94 蹲个 有缘人', '蹲个 有缘人']",,,,,,,,,,,,,,,,,,,,,
591,1234,Exchange,Men's economic resources,591_工作_身高_体重_目前,"['工作', '身高', '体重', '目前', '有车', '有房', '稳定', '本科', '收入', '年薪']","['95 月入 1w 身高 167 矮 点 体重 118 抽烟 戒 偶尔 喝酒 从业 私厨 家务活 做得好 性格 看上 打包带 走', '95 月入 1w 身高 167 体重 118 抽烟 戒 偶尔 喝酒 从业 私厨 家务活 做得好 性格 看上 打包带 走', '95 月入 1w 身高 167 体重 118 抽烟 戒 偶尔 喝酒 从业 私厨 家务活 做得好 性格 看上 打包带 走']",,,,,,,,,,,,,,,,,,,,,
609,290,Exchange,Men's economic resources,609_觉得_我行_认为_部长,"['觉得', '我行', '认为', '部长', '万物', 'bt', '全蛋', 'kan', '露思', '性冷淡']","['觉得', '觉得', '觉得']",,,,,,,,,,,,,,,,,,,,,
645,297,Exchange,Men's economic resources,645_学历_本科_985_本科学历,"['学历', '本科', '985', '本科学历', '北大', '博士', '硕士', '研究生', '211', '毕业']","['巧 学历 差 点', '低 学历', '没 学历']",,,,,,,,,,,,,,,,,,,,,
646,357,Exchange,Men's economic resources,646_男大_男德_学院_大三,"['男大', '男德', '学院', '大三', '女大', '金砖', '大学生', '出战', '江山', '男生']","['男大 男大', '男大', '男大 报名']",,,,,,,,,,,,,,,,,,,,,
658,163,Exchange,Men's economic resources,658_宿州_老北_徐州_财源滚滚,"['宿州', '老北', '徐州', '财源滚滚', '安徽', '长见识了', '龙年大吉', '新乡', '一帆风顺', '沛县']","['宿州', '安徽 宿州 宿州 徐州', ' 宿州']",,,,,,,,,,,,,,,,,,,,,
701,242,Exchange,Men's economic resources,701_肌肉_健身_锻炼_肌肉男,"['肌肉', '健身', '锻炼', '肌肉男', '健身房', '健哥', '练练', '猛男', '大块', '游泳']","['天 有没有 算 块 肌肉', '肌肉', '肌肉']",,,,,,,,,,,,,,,,,,,,,
426,255,Sexual Script,Sexual desire,426_支持_美女_牛批_做法,"['支持', '美女', '牛批', '做法', '过得', '靓女', '帅哥', '一万个', '对举', '对特']","['支持 美女', '支持 美女', '支持 美女']",,,,,,,,,,,,,,,,,,,,,
6,4293,Exchange,Women's economic resources,6_开车_这车_未成年_宾利,"['开车', '这车', '未成年', '宾利', '司机', '摩托车', '驾照', '副驾驶', '开豪车', '考驾照']","['… 未成年 不能 开车 宝', '未成年 不能 开车', '姐姐 未成年 不能 开车']",,,,,,,,,,,,,,,,,,,,,
12,3257,Exchange,Women's economic resources,12_500_五百万_一个亿_对不起,"['500', '五百万', '一个亿', '对不起', '一百万', '100', '50', '一秒', '五十万', '犹豫']","['500 万 走', '走 找 500 万', '500 万 走 肯定 走 不要 500 万 五百万 走']",,,,,,,,,,,,,,,,,,,,,
13,4131,Exchange,Women's economic resources,13_有钱_有钱人_没钱_穷人,"['有钱', '有钱人', '没钱', '穷人', '想象', '贫穷', '消费', '给钱', '这钱', '兜里']","['有钱人 真', '有钱人', '有钱人']",,,,,,,,,,,,,,,,,,,,,
29,3392,Exchange,Women's economic resources,29_富婆_成为_来个_富豪,"['富婆', '成为', '来个', '富豪', '找个', '专业户', '白富', '哪里找', '年少', '想要']","['富婆 麽', '富婆 找', '富婆 嫁']",,,,,,,,,,,,,,,,,,,,,
100,964,Sexual Script,Appearance requirement,100_岁月_美人_不败_美人迟暮,"['岁月', '美人', '不败', '美人迟暮', '容颜', '年轻', '老去', '杀猪刀', '红颜', '岁月不饶人']","['美人迟暮', '美人迟暮 ', '美人迟暮 红颜']",,,,,,,,,,,,,,,,,,,,,
105,906,Exchange,Women's economic resources,105_找对象_女朋友_对象_男朋友,"['找对象', '女朋友', '对象', '男朋友', '不到', '找个', '找到', '单身', '谈恋爱', '脱单']","['找对象', '评论 区 找对象', '找对象']",,,,,,,,,,,,,,,,,,,,,
119,712,Exchange,Women's economic resources,119_相亲_招亲_剩女_征婚,"['相亲', '招亲', '剩女', '征婚', '上学', '相中', '相个', '节目', '见面', '大龄']","['相亲', '相亲', '相亲']",,,,,,,,,,,,,,,,,,,,,
125,670,Sexual Script,Appearance requirement,125_美女_花絮_年少_不知,"['美女', '花絮', '年少', '不知', '调教', '初唐', '很漂亮', '靓女', '美人', '这段']","['美女', '美女', '美女 ']",,,,,,,,,,,,,,,,,,,,,
127,668,Sexual Script,Appearance requirement,127_美女_老公_漂亮_妻子,"['美女', '老公', '漂亮', '妻子', '支持', '老婆', '夫妻', '你好', '丈夫', '搬出去']","['美女 老公', '美女 老公 娶 值', '美女 老公']",,,,,,,,,,,,,,,,,,,,,
129,642,Exchange,Women's economic resources,129_劳斯莱斯_女神_幻影_仿佛,"['劳斯莱斯', '女神', '幻影', '仿佛', '根本', '天使', '凡人', '尘世间', '闪闪发亮', '冰晶']","['开 劳斯莱斯', '劳斯莱斯', '劳斯莱斯']",,,,,,,,,,,,,,,,,,,,,
149,653,Exchange,Women's economic resources,149_lv_包包_打包_袋子,"['lv', '包包', '打包', '袋子', '拎包', '提包', '布袋', '空盒子', '帆布袋', '小包']","['LV 包包', '懂 LV 包包', 'LV 包包 9 块 9 一个']",,,,,,,,,,,,,,,,,,,,,
152,515,Exchange,Women's economic resources,152_库里南_王爵_植树节_钥匙,"['库里南', '王爵', '植树节', '钥匙', '账上', '库里', '人均', '随礼', '兜里', '抖音']","['库里南', '库里南', '库里南 吃 穿 … …']",,,,,,,,,,,,,,,,,,,,,
162,526,Exchange,Women's economic resources,162_闺蜜_缺闺蜜_葡萄_张姐,"['闺蜜', '缺闺蜜', '葡萄', '张姐', '爷们', '华籍', '美籍华人', '男闺蜜', '选张', '美人']","['闺蜜 想', '闺蜜', '老 闺蜜']",,,,,,,,,,,,,,,,,,,,,
176,669,Exchange,Women's economic resources,176_就业指导_就业_指南_大学生,"['就业指导', '就业', '指南', '大学生', '学到', '方向', '只能', '明明', '毕业', '手册']","['大学生 就业指导', '大学生 就业指导', '大学生 就业指导']",,,,,,,,,,,,,,,,,,,,,
192,638,Exchange,Women's economic resources,192_老师_碎了心_学生_滴滴,"['老师', '碎了心', '学生', '滴滴', '上课', '你好', '入教', '考研', '终身大事', '教师']","['老师 太', '老师 准 …', '老师 太']",,,,,,,,,,,,,,,,,,,,,
202,515,Exchange,Women's economic resources,202_嫂子_大嫂_心机_家产,"['嫂子', '大嫂', '心机', '家产', '回去', '表嫂', '太重', '太坏', '自私', '嫂嫂']","['坏 嫂子 坏', '嫂子 钱', '嫂子 买']",,,,,,,,,,,,,,,,,,,,,
207,485,Exchange,Women's economic resources,207_拼夕夕_年少_刀刀_钓成,"['拼夕夕', '年少', '刀刀', '钓成', '当成', '少女', '不知', '就业指导', '大学生', '立刻']","['年少 不知 富婆 错 少女 当成 宝', '年少 不知 富婆 错 少女 当成 宝', '年少 不知 富婆 错 少女 当成 宝']",,,,,,,,,,,,,,,,,,,,,
220,849,Exchange,Women's economic resources,220_喜欢_以前_嗤之以鼻_不屑一顾,"['喜欢', '以前', '嗤之以鼻', '不屑一顾', '逐帧', '喜不喜欢', '讨厌', '挺装', '越来越', '清高']","['以前', '以前 现在', '以前 爱 现在 …']",,,,,,,,,,,,,,,,,,,,,
237,560,Exchange,Women's economic resources,237_大学生_毕业_大学_放假,"['大学生', '毕业', '大学', '放假', '高中生', '学生', '余生', '远看', '大三', '大一']","['没 毕业 大学生', '刚 毕业 男 大学生', '刚 毕业 大学生']",,,,,,,,,,,,,,,,,,,,,
253,504,Exchange,Women's economic resources,253_创业_偶像剧_指导_指南,"['创业', '偶像剧', '指导', '指南', '居士', '大学生', '范儿', '跳过', '学费', '转钱']","['创业', '大学生 创业', '搜 创业']",,,,,,,,,,,,,,,,,,,,,
260,417,Exchange,Women's economic resources,260_第一个_成有_666_nb,"['第一个', '成有', '666', 'nb', '两百年', 'ge', 'tadta', 's1mple', 'spray', '姜颜浩']","['第一个', '第一个', '相 第一个']",,,,,,,,,,,,,,,,,,,,,
267,402,Exchange,Women's economic resources,267_糖尿病_甜头_尝到_1503,"['糖尿病', '甜头', '尝到', '1503', '困其', '之物', '终究会', '第六', '被判', '第五']","['尿 快 呲 醒 糖尿病 尝到 甜头', '糖尿病 滋 尝到 甜头', '尿 呲 醒 糖尿病 怕 尝到 甜头']",,,,,,,,,,,,,,,,,,,,,
272,478,Sexual Script,Sexual desire,272_富婆_老式_名媛_传说,"['富婆', '老式', '名媛', '传说', '富人', '真正', '魅力', '寂寞', '介绍', '富肽']","['富婆', '富婆', '富婆']",,,,,,,,,,,,,,,,,,,,,
276,441,Sexual Script,Sexual desire,276_富婆_500_反悔_犹豫,"['富婆', '500', '反悔', '犹豫', '一秒', '后悔', '回来', '老公', '走慢', '循环']","['走 家 \n 钱 富婆 走', '走 富婆', '富婆 走']",,,,,,,,,,,,,,,,,,,,,
284,385,Exchange,Women's economic resources,284_做梦_看一遍_一遍_醒醒,"['做梦', '看一遍', '一遍', '醒醒', '做到', '梦寐以求', '不敢', '天亮', '梦该', '愿望']","['看一遍 笑 一遍', '看一遍 笑 一遍', '看一遍 笑 一遍']",,,,,,,,,,,,,,,,,,,,,
312,2291,Exchange,Women's economic resources,312_不知好歹_不行_男生_一万步,"['不知好歹', '不行', '男生', '一万步', '男人', '男性', '男女', '女生', '非得', '行不行']","['男人 不行', '男人 不行', '男人 不行']",,,,,,,,,,,,,,,,,,,,,
321,347,Exchange,Women's economic resources,321_机会_不中用_大城市_无所谓,"['机会', '不中用', '大城市', '无所谓', 'xdm', '柱哥', '霍总', '小福', '江鸟', '蟹黄']","['机会', '机会', '俩 机会']",,,,,,,,,,,,,,,,,,,,,
323,447,Sexual Script,Sexual desire,323_鼻涕_鼻子_老北_流鼻涕,"['鼻涕', '鼻子', '老北', '流鼻涕', '鼻孔', '北鼻', '小北', '流鼻血', '上桌', '吃饭']","['鼻涕 演', '为啥 擤 鼻涕 总 鼻涕 存 鼻子 里 吸 一口 咽', '说话 那种 鼻子 鼻涕']",,,,,,,,,,,,,,,,,,,,,
359,297,Exchange,Women's economic resources,359_车牌_平安_车牌号_好人,"['车牌', '平安', '车牌号', '好人', '感动', '一生', '生日', '缩写', '牌照', '汪顺']","['˶ • ༝ • ˶ ꒱ ა 车牌', '车牌 牛', '桂 R 车牌']",,,,,,,,,,,,,,,,,,,,,
363,1407,Exchange,Women's economic resources,363_毫不犹豫_不带_犹豫_走走,"['毫不犹豫', '不带', '犹豫', '走走', '立马', '早就', '马上', '转身', '火箭', '果断']","['走 不带 犹豫 立马 撤', '立马 走 不带 犹豫', '立马 走 不带 犹豫']",,,,,,,,,,,,,,,,,,,,,
371,461,Exchange,Women's economic resources,371_男朋友_女朋友_女友_男友,"['男朋友', '女朋友', '女友', '男友', '李现', '摇滚', '威龙', '李鸿其', '异地', '让开']","['男朋友', '男朋友', '男朋友']",,,,,,,,,,,,,,,,,,,,,
398,384,Exchange,Women's economic resources,398_有钱_任性_王道_本土,"['有钱', '任性', '王道', '本土', '有钱人', '马云', '快乐', '马云波', '亲手', '高低']","['有钱', '有钱', '有钱']",,,,,,,,,,,,,,,,,,,,,
407,414,Exchange,Women's economic resources,407_兄弟_老弟_通透_我冲,"['兄弟', '老弟', '通透', '我冲', '弟弟', '表哥', '兄妹', '二哥', '组团', '无故']","['兄弟', '兄弟', '兄弟']",,,,,,,,,,,,,,,,,,,,,
409,384,Exchange,Women's economic resources,409_发财_暴富_致富_发家致富,"['发财', '暴富', '致富', '发家致富', '劫财', '劫色', '首富', '但会', '一夜', '富贵']","['暴富', '暴富', '暴富 暴富']",,,,,,,,,,,,,,,,,,,,,
410,320,Exchange,Women's economic resources,410_自信_自找_哪来_活力,"['自信', '自找', '哪来', '活力', '四射', '自豪', '爆发力', '满满', '美丽', '那来']","['自信 美', '自信', '自信']",,,,,,,,,,,,,,,,,,,,,
423,300,Exchange,Women's economic resources,423_清醒_人间_电影_明白人,"['清醒', '人间', '电影', '明白人', '北影', '名叫', '名字', '请醒', '早撇人', '教化']","['人间 清醒', '人间 清醒', '太 人间 清醒']",,,,,,,,,,,,,,,,,,,,,
435,242,Exchange,Women's economic resources,435_三套_房子_阿姨_房租,"['三套', '房子', '阿姨', '房租', '出租', '套房', '租房', '凡尔赛', '大姨', '租房子']","['阿姨 三套 房子', '阿姨 三套 房子', '阿姨 三套 房子']",,,,,,,,,,,,,,,,,,,,,
440,275,Exchange,Women's economic resources,440_三套_房子_买不起_三代,"['三套', '房子', '买不起', '三代', '单传', '要考', '买不到', '三环', '圈起来', '重点']","['三套 房子', '三套 房子', '三套 房子']",,,,,,,,,,,,,,,,,,,,,
441,471,Exchange,Women's economic resources,441_一秒_停留_一秒钟_一分钟,"['一秒', '停留', '一秒钟', '一分钟', '多待', '立马', '马上', '不带', '耽误', '不待']","['立马 走 呆 一秒 �', '立马 走 一秒 呆', '立马 走 呆 一秒']",,,,,,,,,,,,,,,,,,,,,
443,276,Exchange,Women's economic resources,443_富婆_评论_考公_区全,"['富婆', '评论', '考公', '区全', '激烈', '区比', '竞争', '一帮', '好多', '来袭']","['评论 区 富婆', '富婆 评论', '评论 区 富婆']",,,,,,,,,,,,,,,,,,,,,
448,424,Exchange,Women's economic resources,448_开心_快乐_高兴_好开心,"['开心', '快乐', '高兴', '好开心', '太爽了', '好爽', '双倍', '无忧无虑', '爽歪歪', '幸福生活']","['开心', '开心 点', '开心']",,,,,,,,,,,,,,,,,,,,,
456,332,Exchange,Women's economic resources,456_排队_排个_排到_先排,"['排队', '排个', '排到', '先排', '个队', '亮点', '取号', '排不上', '排好队', '我排']","['舔 排队', '先 排队', '排队']",,,,,,,,,,,,,,,,,,,,,
464,485,Exchange,Women's economic resources,464_强子_点赞_海底_孙媳妇,"['强子', '点赞', '海底', '孙媳妇', '强哥', '可怕', '点个', '老婆', '妻子', '媳妇']","['哈哈哈 哈哈哈 吃 海底 捞', '海底 捞', '吃 海底 捞']",,,,,,,,,,,,,,,,,,,,,
467,400,Exchange,Women's economic resources,467_礼物_红包_情人节_生日,"['礼物', '红包', '情人节', '生日', '朋友圈', '皮肤', '发红包', '过生日', '节日', '生日礼物']","['没 钱 钱 买 礼物', '钱 买 礼物', '刷 礼物 买']",,,,,,,,,,,,,,,,,,,,,
486,255,Exchange,Women's economic resources,486_60_六十万_60w_万太多,"['60', '六十万', '60w', '万太多', '太多', '600', '六万', '公鸡', '下蛋', '6w']","['60 万', '60 万', '60 万 配']",,,,,,,,,,,,,,,,,,,,,
494,232,Exchange,Women's economic resources,494_保时捷_718_文化_帕拉,"['保时捷', '718', '文化', '帕拉', '梅拉', '911', '抛开', '很贵', '不谈', '不久']","['保时捷', '真 保时捷', '姐姐 懂 718 保时捷']",,,,,,,,,,,,,,,,,,,,,
497,307,Exchange,Women's economic resources,497_套房_一套_六套_上海,"['套房', '一套', '六套', '上海', '三件套', '八套', '房子', '套住', '乱套', '汤臣']","['套房', '套房', '套房']",,,,,,,,,,,,,,,,,,,,,
499,248,Exchange,Women's economic resources,499_z4_敞篷_逗死_虚荣心,"['z4', '敞篷', '逗死', '虚荣心', '太逗', '虚荣', '好骚', '光荣', '宝马', '好笑']","['老 Z4', 'z4', 'z4']",,,,,,,,,,,,,,,,,,,,,
502,335,Exchange,Women's economic resources,502_20_二十万_20w_万给,"['20', '二十万', '20w', '万给', '一台', '我出', '21', '婚庆', '婚车', '十万']","['二十万 卖', '二十万', '二十万']",,,,,,,,,,,,,,,,,,,,,
508,408,Exchange,Women's economic resources,508_找到_遇不到_不到_不招,"['找到', '遇不到', '不到', '不招', '女人', '哪里找', '得不到', '找个', '勾搭', '男人']","['女人 找 不到 男人 男人 找 不到 女人', '男人 找 不到 女人', '女人 找 不到 男人']",,,,,,,,,,,,,,,,,,,,,
509,469,Exchange,Women's economic resources,509_努力_使劲_不懈努力_方向,"['努力', '使劲', '不懈努力', '方向', '不用', '努点力', '你别', '拼搏', '目标', '一下']","['努力', '努力', '努力']",,,,,,,,,,,,,,,,,,,,,
510,274,Exchange,Women's economic resources,510_钓鱼_钓成_爱爱_珍珍,"['钓鱼', '钓成', '爱爱', '珍珍', '评论', '区全', '挡灾', '钓翘', '生涯规划', '莲莲']","['评论 区 钓鱼', '评论 区 钓鱼', '评论 区 钓鱼']",,,,,,,,,,,,,,,,,,,,,
514,601,Exchange,Women's economic resources,514_没车_没房_套房_存款,"['没车', '没房', '套房', '存款', '车房', '房子', '车子', '有房', '买房', '有车有房']","['没车 没房', '没房 没车', '我来 没房 没车 没 存款']",,,,,,,,,,,,,,,,,,,,,
521,215,Exchange,Women's economic resources,521_嫉妒_羡慕_不嫉妒_先别,"['嫉妒', '羡慕', '不嫉妒', '先别', '面目全非', '好羡慕', '李雪', '炫耀', '妒忌', '一女']","['羡慕 嫉妒 恨', '羡慕 嫉妒 恨', '羡慕 嫉妒']",,,,,,,,,,,,,,,,,,,,,
525,439,Sexual Script,Sexual desire,525_我要_上门_我来_愿意,"['我要', '上门', '我来', '愿意', '我能', '有人', '大喘', '甜会', '花送', '收得']","['想 上门', '想 上门', '想 上门']",,,,,,,,,,,,,,,,,,,,,
526,299,Sexual Script,Sexual desire,526_想要_求之不得_没人要_人要,"['想要', '求之不得', '没人要', '人要', '拥有', '911', '有要', '龟龟', '琪姐', '俺勒个']","['想要', '想要', '想要']",,,,,,,,,,,,,,,,,,,,,
548,268,Exchange,Women's economic resources,548_地址_链接_发过来_主页,"['地址', '链接', '发过来', '主页', '详细', '发来', '发给', '三个', '砸锅卖铁', '一号']","['地址', '地址', '发 地址 走']",,,,,,,,,,,,,,,,,,,,,
552,311,Exchange,Women's economic resources,552_这泼天_富贵_泼天_嫂子,"['这泼天', '富贵', '泼天', '嫂子', '能轮', '轮到', '为大母', '这破天', '好大母娘', '老大']","['这泼天 富贵', '这泼天 富贵', '这泼天 富贵']",,,,,,,,,,,,,,,,,,,,,
561,251,Exchange,Women's economic resources,561_蹲个_在线_一个_对象,"['蹲个', '在线', '一个', '对象', '女朋友', '借楼', '鸡啉', '长话短说', '蹲起', '自闭']","['在线 蹲 一个', '在线 蹲 一个', '在线 蹲 一个']",,,,,,,,,,,,,,,,,,,,,
571,341,Sexual Script,Sexual desire,571_大姐_小姐_这姐_驾到,"['大姐', '小姐', '这姐', '驾到', '大姐大', '老大姐', '我选', '通通', '这位', '二姐']","['选 大姐', '大姐 跳 真', '大姐 太 烂']",,,,,,,,,,,,,,,,,,,,,
574,700,Exchange,Women's economic resources,574_性别_别卡_别卡太死_不卡,"['性别', '别卡', '别卡太死', '不卡', '卡死', '卡太死', '要卡', '可不可以', '行不行', '能不卡']","['性别 不要 卡太死', '性别 不要 卡太死', '性别 不要 卡太死']",,,,,,,,,,,,,,,,,,,,,
584,251,Exchange,Women's economic resources,584_年薪_十万_三百万_10,"['年薪', '十万', '三百万', '10', '百万', '10w', '入赘', '稀罕', '一年', '二三百万']","['年薪 十万 入赘', '年薪 十万 入赘', '“ 入赘 ” “ 年薪 十万 ”']",,,,,,,,,,,,,,,,,,,,,
614,341,Exchange,Women's economic resources,614_快快_羡慕_速度_加速,"['快快', '羡慕', '速度', '加速', '火速', '快马加鞭', '心跳', '倍速', '兔子', '真让人']","['真 羡慕', '真 羡慕', '真 羡慕']",,,,,,,,,,,,,,,,,,,,,
615,328,Exchange,Women's economic resources,615_公主_转账_王子_童话,"['公主', '转账', '王子', '童话', '女儿国', '白雪公主', '书合', '纯爱', '没合', '战神']","['公主 活 活 活 活 活 活', '公主', '公主 病 没 公主 命']",,,,,,,,,,,,,,,,,,,,,
628,249,Exchange,Women's economic resources,628_福中_没意思_身在_英国,"['福中', '没意思', '身在', '英国', '伦敦', '不知', '生在', '知足', '急事', '意思']","['身在 福中 不知 福', '身在 福中 不知 福', '身在 福中 不知 福']",,,,,,,,,,,,,,,,,,,,,
631,337,Exchange,Women's economic resources,631_应聘_面试_简历_我来,"['应聘', '面试', '简历', '我来', '应征', '面试官', '眼睛', '老板', '工作', '应聘者']","['面试', '面试', '面试']",,,,,,,,,,,,,,,,,,,,,
640,347,Exchange,Women's economic resources,640_华为_不送_苹果_送给,"['华为', '不送', '苹果', '送给', '一赠', '手机', '礼物', '赠与', '赠予', '再聊']","['送个', '送 肯定 不老 不送 …', '阿姨 阿姨 妙 送个 礼物']",,,,,,,,,,,,,,,,,,,,,
644,167,Sexual Script,Sexual desire,644_东方明珠_一颗_上海_有颗,"['东方明珠', '一颗', '上海', '有颗', '明珠', '两颗', '掌上明珠', '已经', '镜子', '这颗']","['东方明珠 上海 一颗', '上海 东方明珠 一颗 跑', '上海 一颗 东方明珠']",,,,,,,,,,,,,,,,,,,,,
667,344,Exchange,Women's economic resources,667_体验_不去_去不去_去过,"['体验', '不去', '去不去', '去过', '快去', '去一趟', '考验', '买票', '咱去', '一把']","['不去', '不去', '不去']",,,,,,,,,,,,,,,,,,,,,
676,959,Exchange,Women's economic resources,676_一辆_做生意_左右_套房,"['一辆', '做生意', '左右', '套房', '彩礼', '零花钱', '一套', '88', '阳光', '房子']","['妹妹 找 入赘 找 一个 年纪 30 左右 身高 1.78 性格 阳光 开朗 男方 彩礼 88 万 一家人 浙江 房子 8 套 嫁过来 之后 上班 每个 1 万 零花钱 跟着 学 做生意 全家 经济 压力', '妹妹 找 入赘 找 一个 年纪 30 左右 身高 1.78 性格 阳光 开朗 男方 彩礼 88 万 一家人 浙江 房子 8 套 嫁过来 之后 上班 每个 1 万 零花钱 跟着 学 做生意 全家 经济 压力', '妹妹 找 入赘 找 一个 年纪 30 左右 身高 1.78 性格 阳光 开朗 男方 彩礼 88 万 一家人 浙江 房子 8 套 嫁过来 之后 上班 每个 1 万 零花钱 跟着 学 做生意 全家 经济 压力']",,,,,,,,,,,,,,,,,,,,,
684,174,Exchange,Women's economic resources,684_倒贴_文旅_贴膜_一出,"['倒贴', '文旅', '贴膜', '一出', '江西', '年纪', '两万', '没人要', '低人一等', '最好']","['倒贴', '倒贴', '倒贴']",,,,,,,,,,,,,,,,,,,,,
699,202,Exchange,Women's economic resources,699_思路清晰_思路_逻辑_思维,"['思路清晰', '思路', '逻辑', '思维', '清晰', '脑子', '有理有据', '逻辑思维', '分析', '头脑']","['思路 清晰 赞 �', '思维 方式 思路', '思维 逻辑 清晰']",,,,,,,,,,,,,,,,,,,,,
702,183,Exchange,Women's economic resources,702_福建_厦门_莆田_福州,"['福建', '厦门', '莆田', '福州', '海宁', '本土', '泉州', '福建人', '男色', '出战']","['福建 行', '福建', '福建']",,,,,,,,,,,,,,,,,,,,,
51,1105,Exchange,Algorithm recommendation,51_刷到_我刷_会刷_女强人,"['刷到', '我刷', '会刷', '女强人', '老刷', '刚刷', '赛道', '岁月', '蓝锁', '最近']","['老公 刷到', '现在 刷到', '刷到']",,,,,,,,,,,,,,,,,,,,,
661,236,Exchange,Algorithm recommendation,661_推荐_推给_数据_开不起,"['推荐', '推给', '数据', '开不起', '毛遂自荐', '开放', '推平', '不开', '开开', '老是']","['推给 干嘛 没 找', '推给 干嘛', '干嘛 推给']",,,,,,,,,,,,,,,,,,,,,
91,1265,Exchange,Paid companionship,91_想法_想想_试试_妄想症,"['想法', '想想', '试试', '妄想症', '想得美', '我太想', '进步', '理想', '想来', '幻想']","['想法 倒', '想法', '想法']",,,,,,,,,,,,,,,,,,,,,
3,7571,Sexual Script,Emotional value,3_姐姐_弟弟_妹妹_姐妹,"['姐姐', '弟弟', '妹妹', '姐妹', '小姐姐', '哥哥', '我弟', '这姐', '美美', '漂亮']","['姐姐 姐', '姐姐 爱 爱 钱', '姐姐 陪']",,,,,,,,,,,,,,,,,,,,,
7,4926,Exchange,Paid companionship,7_阿姨_奶奶_明明_姨姨,"['阿姨', '奶奶', '明明', '姨姨', '小宝贝', '当成', '少女', '年少', '不知', 'baby']","['阿姨 妙', '阿姨 真', '阿姨 真 … …']",,,,,,,,,,,,,,,,,,,,,
15,2734,Exchange,Paid companionship,15_男模_女模_要点_模特,"['男模', '女模', '要点', '模特', '我点', '男模特', '酒吧', '想点', '点个', '顶级']","['男模', '男模', '想 男模']",,,,,,,,,,,,,,,,,,,,,
39,1626,Exchange,Paid companionship,39_努力_不想_突然_太累,"['努力', '不想', '突然', '太累', '瞬间', '努了', '选科', '理科生', '文科生', '北漂']","['不想 努力', '不想 努力', '不想 努力']",,,,,,,,,,,,,,,,,,,,,
47,1776,Exchange,Paid companionship,47_花钱_物质_拜金_有钱,"['花钱', '物质', '拜金', '有钱', '挣钱', '男人', '女人', '赚钱', '倒霉', '妇道']","['物质 男人 不要', '物质 女人 男', '男人 赚钱 物质']",,,,,,,,,,,,,,,,,,,,,
48,1295,Exchange,Paid companionship,48_赚钱_挣钱_生意_这钱,"['赚钱', '挣钱', '生意', '这钱', '搞钱', '动力', '眼红', '赚大钱', '不用', '干活']","['赚钱', '赚钱 花', '真 赚钱']",,,,,,,,,,,,,,,,,,,,,
69,1247,Exchange,Paid companionship,69_一个月_工资_1500_零花钱,"['一个月', '工资', '1500', '零花钱', '生活费', '1314', '徒刑', '待遇', '月薪', '剩下']","[' 撑 一个月 恨 没 钱', '没 一个月 交 工资', '一个月 钱']",,,,,,,,,,,,,,,,,,,,,
92,715,Exchange,Paid companionship,92_努力_不想_阿姨_做得好,"['努力', '不想', '阿姨', '做得好', '芜湖', '叔叔', '抢菜', '大叔', '向上', '房东']","['阿姨 不想 努力', '阿姨 不想 努力', '阿姨 不想 努力']",,,,,,,,,,,,,,,,,,,,,
93,850,Exchange,Paid companionship,93_联系_联系方式_电话_打电话,"['联系', '联系方式', '电话', '打电话', '电话号码', '留个', '号码', '打扰', '咨询', '不敢']","['姨 联系方式', '联系方式', '联系方式']",,,,,,,,,,,,,,,,,,,,,
101,870,Exchange,Paid companionship,101_杭州_浙江_苏州_浙大,"['杭州', '浙江', '苏州', '浙大', '湖州', '江浙沪', '浙江人', '宁波', '理工大学', '东方']","['走 杭州', '真的 有钱 浙江 杭州', '浙江 杭州']",,,,,,,,,,,,,,,,,,,,,
122,948,Exchange,Paid companionship,122_报名_报个_我要_出战,"['报名', '报个', '我要', '出战', '先报', '加入', '请问', '参加', '報名', '申请加入']","['报名 先', '想 报名 报名', '想 报名']",,,,,,,,,,,,,,,,,,,,,
126,780,Exchange,Paid companionship,126_云南_大理_云贵川_昆明,"['云南', '大理', '云贵川', '昆明', '边境', '昭通', '腰子', '倒插门', '放屁', '累死']","['云南 听', '云南', '云南 云南 走']",,,,,,,,,,,,,,,,,,,,,
130,681,Exchange,Paid companionship,130_广东_广西_广州_湛江,"['广东', '广西', '广州', '湛江', '番禺', '佛山', '粤语', '东莞', '珠海', '桂林']","['广东', '广东 咩', '广东']",,,,,,,,,,,,,,,,,,,,,
135,955,Exchange,Paid companionship,135_哪里找_找到_不到_找个,"['哪里找', '找到', '不到', '找个', '孤儿院', '搜罗', '去处', '难为', '复诵', '学校']","['真是 难为 一个个 搜罗 起来', '真是 难为 一个个 搜罗 起来', '真是 难为 一个个 搜罗 起来']",,,,,,,,,,,,,,,,,,,,,
144,766,Exchange,Paid companionship,144_机会_把握_把握住_抓住机会,"['机会', '把握', '把握住', '抓住机会', '出息', '运气', '争取', '机遇', '这辈子', '出门']","['没 机会', '迟 没 机会', '没 机会']",,,,,,,,,,,,,,,,,,,,,
189,440,Exchange,Paid companionship,189_包养_富婆_男大求_说求,"['包养', '富婆', '男大求', '说求', '不想', '努力', '包吃包住', '姐姐', '包住', '找个']","['求 包养', '求 包养', '包养 包养']",,,,,,,,,,,,,,,,,,,,,
210,621,Sexual Script,Sexual desire,210_阿姨_宝贝_试用期_海洋,"['阿姨', '宝贝', '试用期', '海洋', '叫妈', '家书', '棉袄', '桑海', '郭美美', '简单']","['阿姨', '阿姨', '阿姨']",,,,,,,,,,,,,,,,,,,,,
230,564,Exchange,Paid companionship,230_努力_不想_姐姐_奋斗,"['努力', '不想', '姐姐', '奋斗', '小姐姐', '哥哥', '我太想', '太累', '进步', '努了']","['不想 努力 姐姐 女', '姐姐 不想 努力', '姐姐 不想 努力']",,,,,,,,,,,,,,,,,,,,,
240,550,Exchange,Paid companionship,240_我养_你养_养不起_养着,"['我养', '你养', '养不起', '养着', '能养', '来养', '养活', '保养', '想养', '人养']","['养不起', '养不起', '一个 不要 养不起']",,,,,,,,,,,,,,,,,,,,,
254,911,Exchange,Paid companionship,254_学习_学学_学会_好好学,"['学习', '学学', '学会', '好好学', '学到', '我学', '逐帧', '外语', '学不完', '学废']","['好好学', '好好学', '好好学']",,,,,,,,,,,,,,,,,,,,,
283,571,Exchange,Paid companionship,283_王姐_王总_王炸_王彦霖,"['王姐', '王总', '王炸', '王彦霖', '刘总', '王大春', '老王', '校长', '王哥', '王德发']","['王姐 李', '王姐', '王姐']",,,,,,,,,,,,,,,,,,,,,
300,712,Sexual Script,Sexual desire,300_宝宝_宝贝_小宝贝_宝贝儿,"['宝宝', '宝贝', '小宝贝', '宝贝儿', 'ad', '乖乖', '万岁', '钙奶', '同学', '男宝']","['快 喊 宝宝', '宝宝 耶', '宝宝 女']",,,,,,,,,,,,,,,,,,,,,
330,482,Exchange,Paid companionship,330_位置_定位_发出_发给,"['位置', '定位', '发出', '发给', '多发', '发个', '不发', '发来', '具体位置', '发了']","['求 位置', '位置', ' 求 位置']",,,,,,,,,,,,,,,,,,,,,
332,388,Sexual Script,Sexual desire,332_我要_加入_我求_曹贼,"['我要', '加入', '我求', '曹贼', '我近', '谁给我', '我圈', '我得入', 'band', 'luhkel']","['我要', '我要', '我要']",,,,,,,,,,,,,,,,,,,,,
334,386,Exchange,Paid companionship,334_马上_动心_立马_走走,"['马上', '动心', '立马', '走走', '想久', '我馬上', '坐飞舰', '还用说', '直升飞机', '出发']","['马上 走', '马上 走', '马上 走']",,,,,,,,,,,,,,,,,,,,,
345,442,Exchange,Paid companionship,345_李帅_弯路_李总_丧尸,"['李帅', '弯路', '李总', '丧尸', '李雷', '走弯路', '路子', '少走弯路', '渠道', '李健']","['李帅', '李帅 头', '李帅 头']",,,,,,,,,,,,,,,,,,,,,
348,382,Exchange,Paid companionship,348_目标_没骨气_战神_郭开,"['目标', '没骨气', '战神', '郭开', '介绍', '人生目标', '奋斗目标', '能量', '老太太', '上进心']","['目标', '目标', ' 目标']",,,,,,,,,,,,,,,,,,,,,
358,392,Sexual Script,Sexual desire,358_鸭子_沈阳_烤鸭_一只,"['鸭子', '沈阳', '烤鸭', '一只', '鸡鸭', '分享', '南京', '盐水鸭', '优乐', '右手']","['鸭子 爬', '鸭子', '鸭子']",,,,,,,,,,,,,,,,,,,,,
360,433,Exchange,Paid companionship,360_性别_别卡_别卡太死_卡死,"['性别', '别卡', '别卡太死', '卡死', '姐姐', '卡太死', '不卡', '太死', '卡得', '臭男人']","['卡 性别 姐姐', '… 姐姐 … 卡 性别', '姐姐 卡 性别']",,,,,,,,,,,,,,,,,,,,,
373,573,Exchange,Paid companionship,373_抽烟_喝酒_体重_身高,"['抽烟', '喝酒', '体重', '身高', '不良嗜好', '孩子', '做饭', '178', '180', '都行']","['男 99 身高 180 体重 75kg 抽烟 少 喝酒 长相 过得去 性格 随和 温柔 脾气好 \n 环境 不好 实在 扛不住 上门 孩子 女方 姓 不能 换个 姓', '男 99 身高 180 体重 75kg 抽烟 少 喝酒 长相 过得去 性格 随和 温柔 脾气好 \n 环境 不好 实在 扛不住 上门 孩子 女方 姓 不能 换个 姓', '男 97 身高 180 体重 75kg 抽烟 少 喝酒 长相 过得去 性格 随和 温柔 脾气好 \n 环境 不好 实在 扛不住 上门 孩子 女方 姓 不能 换个 姓']",,,,,,,,,,,,,,,,,,,,,
385,682,Exchange,Paid companionship,385_价格_买卖_市场_卖身契,"['价格', '买卖', '市场', '卖身契', '卖乖', '卖货', '价钱', '原价', '不值', '分不清']","['买 价格 \n 少 点', '价格', '价格']",,,,,,,,,,,,,,,,,,,,,
394,570,Exchange,Paid companionship,394_有没有_找上门_联系_私聊,"['有没有', '找上门', '联系', '私聊', '女婿', '需要', '人要', '上门', '滴滴', '要招']","['上门 女婿 找 有没有', '有没有 上门 女婿', '想 上门 女婿 有没有']",,,,,,,,,,,,,,,,,,,,,
401,313,Exchange,Paid companionship,401_家暴_养小三_无数次_在外,"['家暴', '养小三', '无数次', '在外', '原谅', '零次', '忍忍', '一巴掌', '动手', '回家']","['家暴', '家暴', '家 家暴']",,,,,,,,,,,,,,,,,,,,,
402,479,Exchange,Paid companionship,402_介绍_推荐_资源_司姐,"['介绍', '推荐', '资源', '司姐', '王姨', '一下', '认识一下', '对象', '快给我', '帮忙']","['没 介绍', '快 介绍', '想 帮 介绍']",,,,,,,,,,,,,,,,,,,,,
411,313,Exchange,Paid companionship,411_报个_劳改犯_我先_名先,"['报个', '劳改犯', '我先', '名先', '劳改', '下场', '名哈', '监狱', '我来', '缺口']","['报个 名', '报个 名', '报个 名']",,,,,,,,,,,,,,,,,,,,,
417,550,Exchange,Paid companionship,417_招人_缺人_招不招_有没有,"['招人', '缺人', '招不招', '有没有', '招聘', '招嘛', '真招', '不招', '人招', '多招']","['真招', '有没有 真招', '有没有 真招 真']",,,,,,,,,,,,,,,,,,,,,
420,533,Sexual Script,Sexual desire,420_魔法_仙女_女大_打败,"['魔法', '仙女', '女大', '打败', '神仙', '仙女下凡', '女娲', '下凡', '仙人', '天君']","['仙女', '仙女', '̀ ̗ 仙女 讲 ♡ 李 ☜']",,,,,,,,,,,,,,,,,,,,,
450,267,Exchange,Paid companionship,450_牛郎_七夜_日本_浅羽,"['牛郎', '七夜', '日本', '浅羽', '新星', '大阪', '梧桐', '之友', '道顿', '堀黑']","['… … 牛郎', '牛郎', '牛郎 牛郎']",,,,,,,,,,,,,,,,,,,,,
462,288,Exchange,Paid companionship,462_保安_没用_狗眼看人_连滚带爬,"['保安', '没用', '狗眼看人', '连滚带爬', '小区', '有用吗', '无用', '低保', '明天', '东西']","['缺 保安', '找 保安', '想 保安']",,,,,,,,,,,,,,,,,,,,,
485,524,Exchange,Paid companionship,485_说话_夸人_情话_甜言蜜语,"['说话', '夸人', '情话', '甜言蜜语', '说出', '不会', '男生', '讲话', '重复', '心声']","['女人 说话', '学 女人 说话', '女人 说话']",,,,,,,,,,,,,,,,,,,,,
522,230,Sexual Script,Sexual desire,522_宝贝_惊喜_宝贝儿_明明,"['宝贝', '惊喜', '宝贝儿', '明明', '那宝贝', 'treat', '一语', '完有', 'zhu', '志远']","['宝贝', '宝贝 见', '宝贝']",,,,,,,,,,,,,,,,,,,,,
533,276,Sexual Script,Sexual desire,533_baby_宝贝_东君_bb,"['baby', '宝贝', '东君', 'bb', '早散', '老贝比', '夕夕', '明明', '宝贝儿', '某夕夕']","['推 老 baby', '老 baby', '老 baby']",,,,,,,,,,,,,,,,,,,,,
557,237,Exchange,Paid companionship,557_重庆_耳朵_主城_重庆市,"['重庆', '耳朵', '主城', '重庆市', '市长', '有没有', '丽晶', '有招', '潜质', '竞选']","['重庆', '重庆 ', '重庆']",,,,,,,,,,,,,,,,,,,,,
579,225,Exchange,Paid companionship,579_素材_相忘_富贵_今晚,"['素材', '相忘', '富贵', '今晚', '操作', '贺峻霖', '做梦', '刮骨刀', '出了名', '这波']","['苟 富贵 勿 相忘', '苟 富贵 勿 相忘', '苟 富贵 勿 相忘']",,,,,,,,,,,,,,,,,,,,,
596,293,Exchange,Paid companionship,596_机票_蒙娜丽莎_太太_宝贝,"['机票', '蒙娜丽莎', '太太', '宝贝', '老婆', '不要', '卢浮宫', '这是', '法国', '出现']","['卢浮宫 机票 退 蒙娜丽莎 已经 出现', '卢浮宫 机票 退 蒙娜丽莎 已经 出现', '卢浮宫 机票 退 蒙娜丽莎 已经 出现']",,,,,,,,,,,,,,,,,,,,,
599,261,Exchange,Paid companionship,599_保护_守护_年纪_最想,"['保护', '守护', '年纪', '最想', '身体', '照顾', '遇到', '一生', '女孩', '最好']","['身体 最好 年纪 遇见 想 守护 一生', '身体 最好 年纪 遇到 想 守护', '最好 年纪 遇到 想 守护 一辈子 女孩']",,,,,,,,,,,,,,,,,,,,,
616,229,Sexual Script,Sexual desire,616_我爱你_马上_一步登天_上头,"['我爱你', '马上', '一步登天', '上头', '麻溜', '阿姨', '赖上', '马内', '溜溜', '姨姨']","['阿姨 我爱你', '阿姨 我爱你', '阿姨 我爱你']",,,,,,,,,,,,,,,,,,,,,
617,220,Exchange,Paid companionship,617_酒吧_ktv_酒店_勤工俭学,"['酒吧', 'ktv', '酒店', '勤工俭学', '去过', '酒馆', '里别', 'mc', '深圳', '下次']","['酒吧', '酒吧 摸', '酒吧']",,,,,,,,,,,,,,,,,,,,,
657,157,Exchange,Paid companionship,657_过份_努力_不想_临平,"['过份', '努力', '不想', '临平', '姨姨', '太过', '胶己', '阿姨', '年小奶', '汤俊博']","['姨 不想 努力', '姨 不想 努力', '姨 ~ 不想 努力']",,,,,,,,,,,,,,,,,,,,,
672,244,Exchange,Paid companionship,672_评论_姐妹_姐姐_看不完,"['评论', '姐妹', '姐姐', '看不完', '甜言蜜语', '小姐姐', '区全', '区有', '婷婷', '区里']","['评论 区 姐姐', '姐姐 评论 删', '评论 区 姐姐 选 选']",,,,,,,,,,,,,,,,,,,,,
674,402,Exchange,Paid companionship,674_微信_私信_切切_二维码,"['微信', '私信', '切切', '二维码', '信号', '私聊', '不回', '加微信', '信息', '朋友圈']","['微信 拉', '走 微信 转', '微信']",,,,,,,,,,,,,,,,,,,,,
687,354,Exchange,Paid companionship,687_这招_一招_办法_方法,"['这招', '一招', '办法', '方法', '主意', '套路', '绝招', '管用', '高手', '魔法']","['这招 高', '这招', '这招 高']",,,,,,,,,,,,,,,,,,,,,
698,190,Sexual Script,Sexual desire,698_夜场_招亲_夜店_打丁,"['夜场', '招亲', '夜店', '打丁', 'dj', '服务员', '灰色', '夜总会', '总监', '没人带']","['夜场', '男 夜场', '夜场']",,,,,,,,,,,,,,,,,,,,,
705,281,Sexual Script,Sexual desire,705_富婆_姐姐_看看_富姐,"['富婆', '姐姐', '看看', '富姐', '小姐姐', '土豪', '小宝贝', '明明', '妹妹', '宝贝儿']","['富婆 姐姐', '富婆 姐姐', '富婆 姐姐']",,,,,,,,,,,,,,,,,,,,,
707,383,Exchange,Paid companionship,707_让开_放开_来接_放过,"['让开', '放开', '来接', '放过', '算了吧', '我来', '让给', '谈个', '棉袄', '先来']","['让开 我来', '让开 我来', '让开 我来']",,,,,,,,,,,,,,,,,,,,,
393,481,Exchange,Support,393_好玩_各玩_玩玩_真会,"['好玩', '各玩', '玩玩', '真会', '玩儿', '玩应', '玩不起', '挺好玩', '该死', '闹着玩']","['场 玩玩', '想 弄 玩玩', '找 玩玩']",,,,,,,,,,,,,,,,,,,,,
472,356,Exchange,Support,472_太牛_真牛_太酷_酷毙了,"['太牛', '真牛', '太酷', '酷毙了', '克拉斯', '厉害', '掰掰', '经理', '焉栩嘉', 'qq']","['真牛 逼', '真牛 逼', '真牛 逼']",,,,,,,,,,,,,,,,,,,,,
523,508,Exchange,Support,523_说得对_说得好_这种_这是,"['说得对', '说得好', '这种', '这是', '这行', '哈哈哈', '真有', '哪种', '这样的话', '没教养']","['说得好', '说得好', '说得好']",,,,,,,,,,,,,,,,,,,,,
532,493,Exchange,Support,532_美女_点赞_说得对_好样,"['美女', '点赞', '说得对', '好样', '做得好', '你好', '太好了', '作得', '说得好', '正确']","['美女 爱', '爱 美女', '美女 爱']",,,,,,,,,,,,,,,,,,,,,
556,392,Exchange,Support,556_新婚_快乐_儿子_高兴,"['新婚', '快乐', '儿子', '高兴', '祝福', '早生贵子', '幸福美满', '百年好合', '幸福', '永结同心']","['祝 儿子 新婚 快乐', '新婚 快乐 百年好合 儿子 结婚 高兴 哭', '祝 儿子 新婚 快乐 百年好合 早生贵子']",,,,,,,,,,,,,,,,,,,,,
566,399,Exchange,Support,566_支持_做法_点赞_男人,"['支持', '做法', '点赞', '男人', '反对', '男子汉', '姜女', '立场', '大力支持', '赞成']","['支持 男人 做法', '支持 男人 做法', '男人 苦 男人 懂 支持 男 做法']",,,,,,,,,,,,,,,,,,,,,
656,414,Exchange,Support,656_厉害_神经病_太棒了_优秀,"['厉害', '神经病', '太棒了', '优秀', '惊为天人', '巅峰', '顶级', '无敌', '疯狂', '过人之处']","['厉害', '厉害', '厉害']",,,,,,,,,,,,,,,,,,,,,
685,304,Exchange,Support,685_同意_赞同_反对_同感,"['同意', '赞同', '反对', '同感', '意见', '这门', '婚事', '观点', '坚决', '赞成']","['同意', '找 同意', '同意']",,,,,,,,,,,,,,,,,,,,,
689,256,Exchange,Support,689_麻溜_麻溜滴_溜走_起来,"['麻溜', '麻溜滴', '溜走', '起来', '帅爆', '我麻溜', '麻利', '赢麻', '帅炸', '逃不掉']","['麻溜 走', '麻溜 走', '麻溜 走']",,,,,,,,,,,,,,,,,,,,,
178,834,Exchange,Support,178_评论_夸人_区女_区里,"['评论', '夸人', '区女', '区里', '男生', '破防', '重复', '女生', '区全', '女性']","['评论 区 男', '女 评论', '女 评论']",,,,,,,,,,,,,,,,,,,,,
585,193,Exchange,Support,585_点赞_潘虹_刁钻_没良心,"['点赞', '潘虹', '刁钻', '没良心', '做梦', '赞换', '点谢', '点赞聊', '牛逼点', '这赞']","['点赞', '点赞', '点赞']",,,,,,,,,,,,,,,,,,,,,
97,1097,Exchange,Respect,97_父母_可怜天下父母心_爸妈_天下父母,"['父母', '可怜天下父母心', '爸妈', '天下父母', '爹妈', '儿女', '父母亲', '子女', '爸爸妈妈', '亲情']","['可怜天下父母心', '可怜天下父母心', '可怜天下父母心 天下 父母 点赞']",,,,,,,,,,,,,,,,,,,,,
643,287,Exchange,Respect,643_换位_思考_思想_道理,"['换位', '思考', '思想', '道理', '讲道理', '大道理', '观念', '心里', '启发', '不讲理']","['换位 思考', '换位 思考', '换位 思考']",,,,,,,,,,,,,,,,,,,,,
74,1228,Exchange,Respect,74_爱情_真爱_感情_珍惜,"['爱情', '真爱', '感情', '珍惜', '互相', '相爱', '爱是', '不爱', '相互', '相互尊重']","['爱情', '爱情', '爱情']",,,,,,,,,,,,,,,,,,,,,
85,1014,Exchange,Respect,85_新婚_快乐_百年好合_早生贵子,"['新婚', '快乐', '百年好合', '早生贵子', '恭喜', '祝福', '喜事', '新人', '白头偕老', '大喜']","['新婚 快乐 百年好合 早生贵子', '祝福 孩子 新婚 快乐 百年好合 早生贵子 生活 幸福', '祝福 新婚 快乐 百年好合 早生贵子']",,,,,,,,,,,,,,,,,,,,,
153,2097,Exchange,Respect,153_老婆_妻子_老婆子_老公,"['老婆', '妻子', '老婆子', '老公', '媳妇', '夫妻', '珍惜', '丈夫', '好好', '值得']","['老公 好好 珍惜', '妻子 好好 珍惜', '妻子 好好 珍惜']",,,,,,,,,,,,,,,,,,,,,
195,638,Exchange,Respect,195_支持_大力支持_妇侠_做得好,"['支持', '大力支持', '妇侠', '做得好', '观点', '强子', '非常', '坚决', '小火', '决定']","['支持', '支持', '支持']",,,,,,,,,,,,,,,,,,,,,
201,517,Exchange,Respect,201_道理_有理_不错_句句,"['道理', '有理', '不错', '句句', '质变', '量变', '硬道理', '个理', '在理', '非常']","['道理', '道理', '道理']",,,,,,,,,,,,,,,,,,,,,
216,526,Exchange,Respect,216_小雪_韩雪_值得尊敬_强子,"['小雪', '韩雪', '值得尊敬', '强子', '婆婆', '单着', '雪宫', '小姑子', '李雪', '太坏']","['小雪 婆婆', '小雪 婆婆 老 学', '小雪 婆婆 真']",,,,,,,,,,,,,,,,,,,,,
277,660,Exchange,Respect,277_幸福_祝福_祝你们_敲门,"['幸福', '祝福', '祝你们', '敲门', '幸福快乐', '真幸福', '幸福美满', '祝你幸福', '满满', '平安']","['祝福 幸福', '祝福 幸福', '幸福 祝福']",,,,,,,,,,,,,,,,,,,,,
438,417,Exchange,Respect,438_类型_理想_一个愿打_一个愿挨,"['类型', '理想', '一个愿打', '一个愿挨', '出发', 'baby', '对象', '奔赴', '双向', '喜欢']","['喜欢 类型', '喜欢 类型', '喜欢 类型']",,,,,,,,,,,,,,,,,,,,,
665,527,Exchange,Respect,665_男方_女方_男生_地道,"['男方', '女方', '男生', '地道', '男孩子', '态度', '过分', '大方', '无路可走', '算盘']","['女方 接 男方 男方 接 女方', '男方 女方', '女方 完 男方']",,,,,,,,,,,,,,,,,,,,,
692,227,Exchange,Respect,692_聪明_明智_智商_聪明人,"['聪明', '明智', '智商', '聪明人', '智慧', '买断', '愚蠢', '女人', '事理', '成功']","['女人 聪明', '聪明 女人', '女人 聪明']",,,,,,,,,,,,,,,,,,,,,
22,2601,Sexual Script,Sexual fantasy object,22_妈妈_母亲_母女_老妈,"['妈妈', '母亲', '母女', '老妈', '母女俩', '这妈', '伟大', '我妈', '其母', '母娘']","['妈妈 真', '妈妈 想', '妈妈 真']",,,,,,,,,,,,,,,,,,,,,
246,429,Sexual Script,Sexual fantasy object,246_老板_老板娘_好坏_见过世面,"['老板', '老板娘', '好坏', '见过世面', '母亲', '女老板', '资料', '麻将馆', '考公', '风韵犹存']","['景 老板', '老板', '老板']",,,,,,,,,,,,,,,,,,,,,
285,415,Sexual Script,Sexual fantasy object,285_梦里_梦中_情人_宋丹丹,"['梦里', '梦中', '情人', '宋丹丹', '刘晓庆', '芮小丹', '丹丹', '做梦', '聂云竹', '一个']","['梦里', '梦里', '梦里']",,,,,,,,,,,,,,,,,,,,,
565,227,Sexual Script,Sexual fantasy object,565_妈妈_王琪_妈咪_干部,"['妈妈', '王琪', '妈咪', '干部', '文武', '暖暖的', '恩人', '这位', '支持', '村长']","['妈妈', '妈妈', '妈妈']",,,,,,,,,,,,,,,,,,,,,
575,295,Sexual Script,Sexual fantasy object,575_我滴_他妈的_干妈_他妈,"['我滴', '他妈的', '干妈', '他妈', '败家', '妈呀', '龙妈', '先喊妈', '四支', '倚天']","['他妈的', '他妈的', '他妈的']",,,,,,,,,,,,,,,,,,,,,
651,280,Sexual Script,Sexual fantasy object,651_大叔_喜欢_成熟_稳重,"['大叔', '喜欢', '成熟', '稳重', '老头', '年轻', '恋母情结', '女人', '熟女', '小姑娘']","['老 男人 喜欢 女人', '老 男人 喜欢 女人', '喜欢 老 女人 喜欢']",,,,,,,,,,,,,,,,,,,,,
670,234,Sexual Script,Sexual fantasy object,670_一无所有_姐在_二妹_最后,"['一无所有', '姐在', '二妹', '最后', '姐点', '终将', '姐做', '隐藏', '姐处', '五十年']","['舔 最后 一无所有', '舔 狗 舔 最后 一无所有', '最后 一无所有']",,,,,,,,,,,,,,,,,,,,,
331,335,Sexual Script,Emotional value,331_哄人_人才_重复_不会,"['哄人', '人才', '重复', '不会', '重样', '孙秀才', '哄哄', '男生', '人才辈出', '秀才']","['男人 不会 哄人 评论 区', '男人 不会 哄人 评论 区', '评论 男人 不会 哄人']",,,,,,,,,,,,,,,,,,,,,
382,475,Sexual Script,Sexual desire,382_爱死_方式_我爱你_浪姐,"['爱死', '方式', '我爱你', '浪姐', '亲爱', '爱上', '100', '摇滚', '太爱', '爱人']","['记得 浪姐 喜欢 搞 摇滚', ' 浪姐 里 喜欢 摇滚 男孩', '浪姐 喜欢 玩 摇滚']",,,,,,,,,,,,,,,,,,,,,
626,750,Sexual Script,Emotional value,626_伤心_难受_心酸_无奈,"['伤心', '难受', '心酸', '无奈', '委屈', '心疼', '人怕', '心里', '痛苦', '树怕']","['树怕 伤根 人怕 伤心', '人怕 伤心 树怕 剥皮', '人怕 伤心 树怕 剥皮']",,,,,,,,,,,,,,,,,,,,,
654,226,Sexual Script,Emotional value,654_原谅_不可_道歉_错误,"['原谅', '不可', '道歉', '错误', '没干过', '坚决', '不能', '矜持', '决不', '愿谅']","['原谅', '原谅', '原谅']",,,,,,,,,,,,,,,,,,,,,
704,272,Sexual Script,Emotional value,704_感情_爱情_金钱_谈恋爱,"['感情', '爱情', '金钱', '谈恋爱', '商业', '花钱', '恋爱', '爱意', '主要', '哭穷']","['金钱 面前 爱情 搞笑', '走 金钱 买 卖 爱情 爱', '金钱 买 爱情']",,,,,,,,,,,,,,,,,,,,,
50,1426,Sexual Script,Sexual desire,50_摊上_宠物_复制_狗头,"['摊上', '宠物', '复制', '狗头', '出现', '细狗', '土狗', '小奶', '当狗', '养条狗']","['小奶 狗', '阿姨 小奶 狗', '小奶 狗']",,,,,,,,,,,,,,,,,,,,,
58,918,Sexual Script,Sexual desire,58_后台_想哥_课去_荞麦,"['后台', '想哥', '课去', '荞麦', '玛德想', '欲类', '操想', '想辰辰', '姨想', '两板']","['想 LSP ( 备注 老色批 )', '想 后台', '想 后台']",,,,,,,,,,,,,,,,,,,,,
115,831,Sexual Script,Sexual desire,115_年轻_青春_青年_年轻人,"['年轻', '青春', '青年', '年轻人', '学习', '少年', '花有', '老牛', '嫩草', '重开']","['年轻 真 ', '年轻 真', '年轻 年轻']",,,,,,,,,,,,,,,,,,,,,
121,1080,Sexual Script,Sexual desire,121_少妇_水灵_死丫头_小姑娘,"['少妇', '水灵', '死丫头', '小姑娘', '少女', '丫头', '18', '高中生', '小姑子', '女孩子']","['死丫头 长 水灵', '死丫头 长 水灵', '死丫头 长 水灵']",,,,,,,,,,,,,,,,,,,,,
155,685,Sexual Script,Sexual desire,155_男人_劲大_海贼王_梦想,"['男人', '劲大', '海贼王', '梦想', '儒雅', '活成', '成功', '样子', '好象', '做成']","['男人', '男人', '男人']",,,,,,,,,,,,,,,,,,,,,
165,600,Sexual Script,Sexual desire,165_心动_低调_颤抖_激动,"['心动', '低调', '颤抖', '激动', '短发', '车不车', '动心', '活动', '肥水不流外人田', '狠狠心']","['心动', '心动', '心动']",,,,,,,,,,,,,,,,,,,,,
169,679,Sexual Script,Sexual desire,169_生产队_牛批_牛奶_牛马,"['生产队', '牛批', '牛奶', '牛马', '斗牛', '做牛做马', '流氓', '西班牙', '斗牛士', '小英家']","['云南 生产队 驴 没 苦', '云南 男 生产队 驴 苦', '生产队 驴 忙']",,,,,,,,,,,,,,,,,,,,,
213,520,Sexual Script,Sexual desire,213_这腿_大长_大腿_大白,"['这腿', '大长', '大腿', '大白', '站不稳', '黑丝', '难看', '变形', '短腿', '好长']","['这腿 卖', '这腿 粗', '这腿 爱 爱']",,,,,,,,,,,,,,,,,,,,,
232,414,Sexual Script,Sexual desire,232_腰子_李嘉欣_缺一泡_小心,"['腰子', '李嘉欣', '缺一泡', '小心', '嘉兴', '老几', '场子', '孩腰', '弯腰', '俏皮']","['噶 腰子', '腰子', '信 信 腰子']",,,,,,,,,,,,,,,,,,,,,
247,613,Sexual Script,Sexual desire,247_好事_好事儿_轮不到_哪有,"['好事', '好事儿', '轮不到', '哪有', '遇不到', '轮到', '全让', '意难平', '能轮', '这种']","['好事 找 ?', '好事 香 找', '好事 找']",,,,,,,,,,,,,,,,,,,,,
258,509,Sexual Script,Sexual desire,258_我来_试试_我来行_快来,"['我来', '试试', '我来行', '快来', '上车', '亲自', '不来', '我來', '报道', '请来']","['我来', '我来', '我来']",,,,,,,,,,,,,,,,,,,,,
281,640,Sexual Script,Sexual desire,281_一换_性别_变性_过万,"['一换', '性别', '变性', '过万', '女同', '骂声', '换个', '限制', '下辈子', '互换']","['性别 一换', '性别 一换 蹦 哒 高', '一换 性别 懂']",,,,,,,,,,,,,,,,,,,,,
311,391,Sexual Script,Sexual desire,311_身材_丰满_性感_好身材,"['身材', '丰满', '性感', '好身材', '迷人', '前凸', '体型', '比例', '显瘦', '脱衣']","['身材', '身材 真', '身材']",,,,,,,,,,,,,,,,,,,,,
317,570,Sexual Script,Sexual desire,317_老公_公公_来选_国富,"['老公', '公公', '来选', '国富', 'niki', '千玺', '今日', '返点', '宠飞', 'pot']","['老公', '老公', '老公']",,,,,,,,,,,,,,,,,,,,,
324,402,Sexual Script,Sexual desire,324_白月光_自私_不能不要_少妇,"['白月光', '自私', '不能不要', '少妇', '性别', '上海', '不敢相信', '先来', '来看', '举手']","['白月光', '白月光', '白月光']",,,,,,,,,,,,,,,,,,,,,
349,650,Sexual Script,Sexual desire,349_不行_行不行_我行_能行,"['不行', '行不行', '我行', '能行', '我能', '不能', '可行', '可否', '可不可以', '商量']","['不行', '不行', '不能 行 不行']",,,,,,,,,,,,,,,,,,,,,
355,485,Sexual Script,Sexual desire,355_换下_一批_互换_换人,"['换下', '一批', '互换', '换人', '身份', '三十六计', '交换', '夏天', '换个', '正当防卫']","['愿意 换下 一个', '愿意 换下 一个', '换下 一个 愿意']",,,,,,,,,,,,,,,,,,,,,
362,411,Sexual Script,Sexual desire,362_姐姐_亲姐_亲姐姐_双胞胎,"['姐姐', '亲姐', '亲姐姐', '双胞胎', '宠幸', 'bmw', '姐女', '女孩子', '受教', 'are']","['姐姐', '姐姐', '姐姐']",,,,,,,,,,,,,,,,,,,,,
390,473,Sexual Script,Sexual desire,390_走走_走人_半夜_起身,"['走走', '走人', '半夜', '起身', '远远', '我飞', '一起', '雕塑', '如画', '走晚']","['走球', '两走', '如画 走']",,,,,,,,,,,,,,,,,,,,,
400,385,Sexual Script,Sexual desire,400_王婆_新疆_干娘_说媒,"['王婆', '新疆', '干娘', '说媒', '王母娘娘', 'vocal', '开封', '手术', '心脏', '媒婆']","['王婆 行', '王婆 火', '笑 死 王婆']",,,,,,,,,,,,,,,,,,,,,
425,330,Sexual Script,Sexual desire,425_宝宝_小宝贝_小宝_宝儿,"['宝宝', '小宝贝', '小宝', '宝儿', '宝子', '景宝', '韦小宝', '变身', '旭旭', '男宝']","['宝宝', '宝宝 搞', '宝宝']",,,,,,,,,,,,,,,,,,,,,
498,328,Sexual Script,Sexual desire,498_声音_听不见_少去_会聋掉,"['声音', '听不见', '少去', '会聋掉', '我别', '耳朵', '去过', '好听', '后来', '耳塞']","['声音', '声音', '吹 声音']",,,,,,,,,,,,,,,,,,,,,
581,287,Sexual Script,Sexual desire,581_身体_强壮_体力_皮带,"['身体', '强壮', '体力', '皮带', '体态', '身子骨', '四肢', '打小', '体格', '身体素质']","['身体 强壮', '身体 强壮', '身体 强壮']",,,,,,,,,,,,,,,,,,,,,
605,299,Sexual Script,Sexual desire,605_亲嘴_kiss_亲亲_洋嘴,"['亲嘴', 'kiss', '亲亲', '洋嘴', '抱抱', '亲个', '亲吻', 'engage', '契约', '抱上去']","['不能 亲嘴', '亲嘴 咯', '没 亲嘴 忘 亲嘴 感觉 不想 找 老公 愿意']",,,,,,,,,,,,,,,,,,,,,
678,372,Sexual Script,Sexual desire,678_我长_长工_他长_特长,"['我长', '长工', '他长', '特长', '长点', '长处', 'harry', '陆沉', '这长', '长城']","['我长', '我长 ', '我长']",,,,,,,,,,,,,,,,,,,,,
679,628,Sexual Script,Sexual desire,679_拿下_受不了_自作自受_拿捏,"['拿下', '受不了', '自作自受', '拿捏', '扛不住', '不住', '顶不住', '扛得住', '受得了', '忍无可忍']","['拿捏', '拿捏', '拿捏']",,,,,,,,,,,,,,,,,,,,,
10,3751,Sexual Script,Appearance requirement,10_帅哥_好帅_帅死_挺帅,"['帅哥', '好帅', '帅死', '挺帅', '真帅', '长得帅', '很帅', '太帅', '帅气', '小帅哥']","['帅哥', '帅哥 走', '帅哥']",,,,,,,,,,,,,,,,,,,,,
59,1402,Sexual Script,Appearance requirement,59_一米_个子_身高_180,"['一米', '个子', '身高', '180', '170', '以下', '增高', '185', '190', '182']","['身高 一米', '身高 一米', '身高 一米']",,,,,,,,,,,,,,,,,,,,,
123,999,Sexual Script,Appearance requirement,123_眼睛_眼镜_眼神_养眼,"['眼睛', '眼镜', '眼神', '养眼', '卧槽', '戴眼镜', '发光', '眯眯眼', '眼里', '双眼皮']","['眼睛', '眼睛', '眼睛']",,,,,,,,,,,,,,,,,,,,,
166,478,Sexual Script,Appearance requirement,166_模特_超模_模特公司_车模,"['模特', '超模', '模特公司', '车模', '国际', '驼背', '走路', '女模', '名模', '学校']","['模特 脸 臭', '模特', '模特']",,,,,,,,,,,,,,,,,,,,,
175,1025,Sexual Script,Appearance requirement,175_美女_来看_形容词_大美女,"['美女', '来看', '形容词', '大美女', '漂亮', '美丽', '美人', '四大美女', '绝世', '最美']","['美女 找', '美女 美女 美女', '想 美女']",,,,,,,,,,,,,,,,,,,,,
199,1021,Sexual Script,Appearance requirement,199_好美_美死_美的_太美,"['好美', '美死', '美的', '太美', '美好', '美到', '真美', '天呐', '绝美', '美哭']","['真的 好美', '真的 好美', '真的 好美']",,,,,,,,,,,,,,,,,,,,,
211,494,Sexual Script,Appearance requirement,211_跳舞_坚持_旗袍_哇塞,"['跳舞', '坚持', '旗袍', '哇塞', '还学过', '舞蹈', '舞姿', '坚持下去', 'nc', '俱乐部']","['坚持', '原来 男人 女人 跳舞 这种 感觉', '想 跳舞']",,,,,,,,,,,,,,,,,,,,,
217,924,Sexual Script,Appearance requirement,217_长得_颜值_美颜_这颜值,"['长得', '颜值', '美颜', '这颜值', '长相', '想得美', '整容', '好看', '太丑', '美貌']","['长得 滴', '长得 挫', '涵 女 长得']",,,,,,,,,,,,,,,,,,,,,
261,520,Sexual Script,Appearance requirement,261_头发_寸头_长发_短发,"['头发', '寸头', '长发', '短发', '发质', '黑发', '白头发', '假发', '第三个', '烫头发']","['甩 头发', '头发', '头发 乱']",,,,,,,,,,,,,,,,,,,,,
262,824,Sexual Script,Appearance requirement,262_第一个_惊艳_太美_好美,"['第一个', '惊艳', '太美', '好美', '第一位', '绝美', '最美', '好好看', '美到', '美死']","['第一个 真的 太美', '第一个 真的 太美', '第一个 真的 太美']",,,,,,,,,,,,,,,,,,,,,
286,395,Sexual Script,Appearance requirement,286_宿舍_寝室_室友_女生宿舍,"['宿舍', '寝室', '室友', '女生宿舍', '宿管', '男生宿舍', '舍友', '模特公司', '男寝', '走秀']","['宿舍 里 ', '宿舍 站 满', '宿舍 里']",,,,,,,,,,,,,,,,,,,,,
297,490,Sexual Script,Appearance requirement,297_气质_气场_优雅_拿捏,"['气质', '气场', '优雅', '拿捏', '风韵犹存', '大气', '死死的', '雅致', '品味', '韵味']","['气质', '气质', '气质']",,,,,,,,,,,,,,,,,,,,,
302,954,Sexual Script,Appearance requirement,302_好看_好好看_爱看_活该,"['好看', '好好看', '爱看', '活该', '难看', '神隐', '看好', '全包', '刘洪昌', '看过']","['好看', '好看', '高 好看']",,,,,,,,,,,,,,,,,,,,,
326,738,Sexual Script,Appearance requirement,326_面相_面膜_圆脸_这脸,"['面相', '面膜', '圆脸', '这脸', '长脸', '脸上', '小白脸', '脸型', '露脸', '整容']","['这脸 一看 没 啥事', '这脸 好看', '真的 有点 吓人 这脸']",,,,,,,,,,,,,,,,,,,,,
339,396,Sexual Script,Appearance requirement,339_胡歌_胡兵_张云龙_魏大勋,"['胡歌', '胡兵', '张云龙', '魏大勋', '黄子', '好帅', '吴磊', '有点像', '胡一菲', '胡哥']","[' 胡歌 脸', '胡歌 薅 秃', '胡歌']",,,,,,,,,,,,,,,,,,,,,
354,401,Sexual Script,Appearance requirement,354_美颜_以前_盛世_整容,"['美颜', '以前', '盛世', '整容', '各有千秋', '美的', '明星', '千篇一律', '年代', '现在']","['以前 美女 真 美女', '以前 没 美颜 真的 美的 各有千秋 不像 现在 千篇一律', '以前 没有 美颜 没有 整容']",,,,,,,,,,,,,,,,,,,,,
369,552,Sexual Script,Appearance requirement,369_小耳朵_耳垂_耳朵_不要,"['小耳朵', '耳垂', '耳朵', '不要', '耳刮子', '习惯', '务必', '不冷', '咬耳朵', '从此以后']","['小耳朵', '小耳朵', '小耳朵']",,,,,,,,,,,,,,,,,,,,,
370,392,Sexual Script,Appearance requirement,370_防毒面具_不错_防毒_面罩,"['防毒面具', '不错', '防毒', '面罩', '牵手', '球花', '莫妮卡', '道具', '面具', '过瘾']","['防毒面具 爱', '防毒面具', '防毒面具 戳']",,,,,,,,,,,,,,,,,,,,,
383,513,Sexual Script,Appearance requirement,383_杀猪刀_岁月_一刀_剪刀,"['杀猪刀', '岁月', '一刀', '剪刀', '刀子', '菜刀', '千刀万剐', '血手', '大刀', '刀行']","['一刀 一刀 一刀 � � � � � � � � � � �', '一刀 一个', '一刀 宰']",,,,,,,,,,,,,,,,,,,,,
416,282,Sexual Script,Appearance requirement,416_二代_夹子_个富_老二,"['二代', '夹子', '个富', '老二', '看不懂', '啥意思', '叫帅', '三代', '隐藏', '公馆']","['官 二代', '富 二代', '富 二代']",,,,,,,,,,,,,,,,,,,,,
429,456,Sexual Script,Appearance requirement,429_学校_上学_校友_大学,"['学校', '上学', '校友', '大学', '校区', '学生', '理工大学', '农业大学', '学院', '全校']","['学校', '学校 憋 疯', '学校']",,,,,,,,,,,,,,,,,,,,,
477,363,Sexual Script,Appearance requirement,477_赘婿_身高_体重_180,"['赘婿', '身高', '体重', '180', '175', '想当', '183', '五官端正', '稳定', '不良嗜好']","['175 / 24 想 赘婿', '赘婿 95 身高 180', '赘婿 180']",,,,,,,,,,,,,,,,,,,,,
480,670,Sexual Script,Appearance requirement,480_体重_身高_180_140,"['体重', '身高', '180', '140', '175', '170', '150', '做饭', '130', '不良嗜好']","['上门 女婿 我来 身高 170 体重 120', '上门 女婿 安徽 男 28 身高 182 体重 140 孩子 女方 姓 做饭 心疼 不良嗜好 嫁妆 看着 屌丝 女 勿扰', '湖南 想 上门 女婿 \n 做饭 家务 身高 173 体重 140 斤 年龄 22']",,,,,,,,,,,,,,,,,,,,,
489,260,Sexual Script,Appearance requirement,489_水灵_水灵灵_男大_男孩,"['水灵', '水灵灵', '男大', '男孩', '天杀', '目标', '万娶', '死丫头', '赚钱', '努力']","['娶 一个 水灵', '娶 一个 水灵 男', '娶 一个 水灵 男']",,,,,,,,,,,,,,,,,,,,,
496,250,Sexual Script,Appearance requirement,496_鲜肉_勾引_诱惑_诱人,"['鲜肉', '勾引', '诱惑', '诱人', '禽兽不如', '迷人', '巴山', '楚水', '大叔', '勾搭']","['鲜肉', '鲜肉', '鲜肉']",,,,,,,,,,,,,,,,,,,,,
517,435,Sexual Script,Appearance requirement,517_漂亮_美人鱼_太漂亮_妖娆,"['漂亮', '美人鱼', '太漂亮', '妖娆', '故意', '很漂亮', '赏心悦目', '茹萍', '性感', '形容词']","['漂亮', '漂亮', '漂亮']",,,,,,,,,,,,,,,,,,,,,
568,317,Sexual Script,Appearance requirement,568_发型_短发_软肋_卷发,"['发型', '短发', '软肋', '卷发', '抵抗力', '刘海', '理发店', '女孩', '一直', '温州']","['发型', '发型 帅 喔', '发型']",,,,,,,,,,,,,,,,,,,,,
577,334,Sexual Script,Appearance requirement,577_水灵_清汤寡水_大学生_水灵灵,"['水灵', '清汤寡水', '大学生', '水灵灵', '我过', '一亮', '眼前一亮', '高中生', '日子', '过够']","['清汤寡水 日子', '日子 太 清汤寡水', '清汤寡水 日子']",,,,,,,,,,,,,,,,,,,,,
612,271,Sexual Script,Appearance requirement,612_林青霞_林志玲_远看_关之琳,"['林青霞', '林志玲', '远看', '关之琳', '达令', '仔细', '朱茵', '一看', '青霞', '看林']","['林青霞', '林青霞', '林青霞']",,,,,,,,,,,,,,,,,,,,,
653,330,Sexual Script,Appearance requirement,653_好帅_太帅_帅呆了_好酷,"['好帅', '太帅', '帅呆了', '好酷', '性感', '宁泽涛', '武藏', '宫本', '太酷', '酷酷']","['好帅', '好帅', '好帅']",,,,,,,,,,,,,,,,,,,,,
659,190,Sexual Script,Appearance requirement,659_好油_加油站_比菜_油死,"['好油', '加油站', '比菜', '油死', '油钱', '油费', '老油条', '省油的灯', '油比菜', '拖油瓶']","['额 … 好油', '好油', '觉得 好油']",,,,,,,,,,,,,,,,,,,,,
660,233,Sexual Script,Appearance requirement,660_腹肌_八块_肚脐眼_六块,"['腹肌', '八块', '肚脐眼', '六块', '肚子', '鱼线', '男大有', '小肚', '180', '倒三角']","['腹肌', '腹肌', '腹肌']",,,,,,,,,,,,,,,,,,,,,
690,402,Sexual Script,Appearance requirement,690_认真_真实_真俊_真行,"['认真', '真实', '真俊', '真行', '真白', '张真源', '真能', '命真', '蹲个', '真人真事']","['小姑娘 真俊', '真俊', '真俊']",,,,,,,,,,,,,,,,,,,,,
